price,predicted_price
529000,388875.4533333333
350000,307724.0
395000,346184.63
239000,209894.28
360000,469475.61
349000,309175.0
475000,475796.87
323227,347668.32
1300000,384470.0
349000,316159.77
975000,950730.0
280000,317594.91
230000,259395.24
310000,328450.0
685000,324229.0
543000,440899.83
415000,494713.36
1100000,965769.65
449000,411550.0
129000,185018.0
460000,426854.29
445000,423707.78
358000,403081.12
795000,770266.0
500000,506816.33
359650,339787.58
589000,376210.51
365351,399744.97
325000,203720.0
545000,544227.4
139000,193844.86
419000,388099.93
395000,598338.08
95000,159188.0
169000,251417.75
1295000,886139.0
499000,550107.6
700000,699404.8
2200000,590230.83
1200000,355530.0
895000,628178.19
385000,460099.8
850000,657798.88
749000,484745.61
575000,391234.9
150000,166855.0
295000,305545.2966666667
285000,285333.7261904762
299000,405190.0
319000,410358.27
518861,538660.94
149000,219538.0
149000,163044.9
350000,365325.81
595000,472530.0
189000,295739.0
990000,769328.39
1095000,749127.28
369000,617392.53
259000,130864.98
449000,398480.0
390000,347107.9
259000,627023.0
239000,313285.0
710000,492358.55
259000,246389.0
350000,465766.22
270000,308522.24
297000,439373.97
239000,240005.65666666665
130000,216545.0
200000,180768.88
200000,188345.0
169000,219004.0
431857,553669.12
2390000,630537.25
179000,212913.99
578140,344764.14
699000,679304.04
355500,408503.63
590000,434217.41
225000,270200.25
849000,2539790.0
240000,350199.9
150000,157940.0
180000,176827.0
445000,548002.21
359000,352134.31
329000,290627.91
400000,407232.23
650000,585630.0
2900000,873176.25
275000,258668.29
394900,386223.27
323296,394699.96
349000,385661.12
249000,325717.6342857143
235000,168155.0
164000,184113.36
595000,583248.49
425000,350887.79
125000,209356.97
225000,232488.98
220000,199190.65666666665
299000,207269.99
197500,325438.86
145000,198785.0
319000,533537.5
225000,181624.0
489000,441806.52166666667
317000,324454.645
349000,396255.0
950000,690285.0
169000,194788.0
1250000,2604080.0
145000,130905.0
399000,494244.01
330000,346192.9
531615,583237.53
475000,482878.46
649000,658802.55
270000,313823.3958333334
300000,246495.71666666667
800000,1015877.0
195000,232362.4
99000,161933.86
260000,344075.0
465000,465070.0
352500,373505.47
375000,364492.4
95000,196124.98
575000,1221333.79
175000,400669.0
239000,294749.0
399000,473862.36
180000,253371.365
140000,143909.0
419000,605064.61
485000,420724.5
725000,575271.69
377655,395034.3
2395000,1297645.15
299000,276350.0
750000,505704.58
140000,127004.0
299000,293065.0
380000,437882.77
365000,281962.7
748000,319850.0
300000,283565.11333333334
969000,817785.7
740000,801971.04
525000,544506.92
461890,439975.898
3900000,451535.09
1985000,958382.27
449000,498699.12
432000,412398.21428571426
446000,493296.44
325000,529034.98
270000,275677.95
698000,617124.0
339500,333206.98
332170,472638.84
350000,232199.0
548241,568548.64
135000,284215.0
679849,626807.91
200000,228470.0
399000,391464.0
850000,635965.0
499000,409931.7
198000,481020.0
995000,974419.0
380000,579960.0
275000,290035.0
249000,264262.69
110000,262588.0
359000,652230.0
640000,367868.0
219000,198089.99
349000,372163.72
548000,389855.0
295000,472240.0
220000,228830.0
200000,174488.99
1850000,1070120.0
180000,230475.0
334000,468270.0
349000,343406.66666666674
625000,492562.65
524739,497897.58
305000,242225.0
288000,418819.0
795000,566924.16
199000,221960.0
1395000,885560.0
296071,352923.16
269000,328592.92
367000,371743.75
480732,474604.74
169000,202199.0
450000,372393.79
2950000,1400940.0
229000,264525.0
495000,510012.83
210000,316640.0
160000,250228.67
380000,421637.0
450000,325801.91
3850000,2497190.0
349000,376664.9
168000,130371.98
269000,308314.98
100000,147914.99
366900,329215.42
190000,236352.53
399000,319837.0233333333
389000,660230.0
6995000,3130318.79
349000,359792.06
350000,403610.83
580000,524239.96
185000,278781.185
476000,512483.84
690000,574050.0
140000,221932.55333333334
350500,384711.16
255000,253928.73
288645,323538.2
130000,146754.94
750000,410653.44
265000,344250.0
169000,365369.38
332215,355336.53
209000,274554.46
459000,368469.0
1250000,689570.69
369900,537401.74
235000,334435.17
339000,355574.07
262000,257212.0
675000,445659.45
539500,405886.98333333334
311050,321920.88
336214,328543.55
1595000,2910940.0
160000,158754.0
364050,375909.075
484000,433236.45
249000,232544.0
498500,598104.49
159000,264865.0
330000,445385.07
335000,310074.0
421420,464827.48
595000,486437.44
180000,191014.0
365000,338157.6225
95000,133783.0
279000,257199.99
1575000,543274.84
160000,197109.98
245000,235200.0
448000,505312.34
329000,719113.0
278000,638350.0
325000,406210.6
225000,276385.0
175000,269995.0
645000,606152.72
595000,514055.49
315000,232766.75
746339,527178.88
230000,245424.82
125000,122441.0
350426,337163.47666666674
599000,574110.0
498000,564488.4
285000,232080.0
130000,158213.97
140000,131655.16666666666
80000,216470.0
255000,237970.0
496000,482814.9
298000,284518.98
245000,179245.0
820000,500670.0
725000,1059105.6
695000,734500.0
299000,296752.2466666667
5000000,964310.0
398000,376003.49
495000,463619.86
795000,457317.84
120000,191725.0
545000,502963.72
225000,365292.74
190000,188975.0
678990,615775.24
469000,872125.5
574000,426670.28
399043,377446.57
489000,328585.89
495000,485082.65
319000,330016.73
560000,540453.44
745000,653512.0
438296,441040.27
275000,395642.67
278500,549430.64
350000,385834.2
239000,310533.86
459900,432832.7
480000,479757.8833333333
199000,347632.30833333335
295000,283300.0
463191,474898.8
399000,332934.0
279000,389530.0
423000,442272.91
491880,516095.14
175000,203872.0
411000,352077.28333333327
160000,141938.99
360000,425146.7033333333
265000,566640.0
160000,325601.66
159500,169555.0
599000,540963.96
895000,539300.0
320000,398687.39
410000,469281.66
319500,326749.5
476000,341827.15
210000,450335.0
200000,237285.0
359000,242057.26
549000,924901.79
2400000,1013172.0
1100000,437202.91
299000,277115.6666666667
1500000,697180.0
175000,195830.0
284000,205108.6066666667
245000,217988.75
400000,454070.0
349000,358784.0
529000,516366.5
570500,702304.16
445000,414548.58
279000,210638.0
455000,573237.42
180000,249776.24194444445
508496,619335.68
425000,326430.14
225000,220743.99
273870,504769.68
375000,416520.0
295000,312832.28
105000,116818.98
549897,512016.3533333333
954280,726153.42
210000,192250.99
167000,326720.0
95000,186203.89
450000,501060.0
365000,370728.26666666666
190000,304676.19
310000,366225.92666666664
345000,504490.0
1200000,1221130.0
199000,445215.0
547000,510210.0
185000,230945.0
294607,319621.495
349500,435260.53
376539,408952.34
309500,293840.0
1050000,442568.8
875000,700858.86
410000,666350.0
345000,362994.0
225000,165175.98
649000,804293.35
192000,198368.76
795000,495925.37
295000,425130.585
160000,237517.55333333332
339000,547238.05
149000,192521.0
414900,550279.3766666666
269000,290660.0
188900,184235.0
349000,297331.825
269500,251035.0
80000,133352.99
1150000,963435.14
245000,232139.5
311421,364592.02333333326
395000,413321.28
1375000,446035.8
487000,414683.54
560000,518759.5
471500,430086.62
349000,372046.0
341500,451284.75
365000,418043.665
631261,694447.72
620000,638808.66
935000,967135.0
1675000,906530.0
499000,450112.30333333334
295000,195670.0
495000,553953.35
425000,492992.83
800000,819340.0
426816,314831.25
535000,513990.18
299000,390881.94166666665
425000,347673.87
395000,367780.0
1095000,619800.65
840000,937361.0
455000,439730.0
248000,219151.99
329073,373052.6490476191
1495000,545462.97
360000,252440.0
324611,297952.28
329500,284554.99
249000,249706.68
399000,623460.0
239000,161664.9
125000,290918.4344444444
195000,148520.0
487111,462766.49
195000,223026.0
1300000,953479.0
849000,840137.24
385000,373467.83
145000,277156.0
310000,331477.44
510000,497174.28
625000,613755.65
150000,324524.85
458700,440538.72
294000,348205.48
1450000,1030349.0
495000,399527.85428571433
456597,467967.4233333333
485000,491493.24
95000,160650.0
420000,392139.89
388523,373409.76
129000,283840.0
120000,142644.89
2250000,792226.94
299000,359209.8
326300,331111.23
415000,390935.0
140000,151015.0
679000,331103.0
360816,342325.05
265000,242765.0
495000,443420.0
650000,418230.0
415000,400540.485
4250000,887260.0
549000,459164.5
335600,364747.7066666667
2750000,452818.81
325000,538509.0
1650000,643858.57
362433,439918.32
498560,330282.68
180000,140485.0
750000,541076.03
150000,204013.93
625143,651575.77
997000,569288.88
325000,422226.85
159000,201814.9
649000,563447.19
249000,195815.0
649000,616412.68
299000,372359.96
395000,437474.14
1520000,997910.0
470475,509512.76
319000,330704.0
415000,473644.87
204000,164012.0
525000,692815.46
399000,528310.0
384000,276601.45
349500,618276.8
370000,380684.985
1150000,2434170.0
992766,866220.74
205000,266296.99
775000,801398.0
798000,590906.97
165000,200984.0
450829,205734.27666666667
235000,265999.0
385000,437626.15
435000,480208.28
275000,290704.16
135000,231770.18
279000,249975.0
269000,325493.01
219000,119705.0
385000,338459.07
299000,342907.4333333333
349000,317818.81666666665
612000,583191.2
269000,248789.0
89000,166089.94
1099000,1016610.0
5850000,3321285.72
599000,540401.16
599000,802656.0
460000,426615.7
595000,422205.67
249900,596357.38
130000,172221.0
200000,241295.33333333337
279000,319514.0
413200,436089.6
335000,378138.97
840000,649069.9
94990,488707.94666666666
310000,338802.14200000005
506107,400693.7613333333
1995000,953000.0
339000,288420.0
550000,460664.94
425000,409906.51
423000,433694.41
355000,366330.89
624000,477863.64
190000,235352.5
225000,302510.0
420000,282672.99
435000,355846.14
399000,417165.0
326500,362248.55
155000,245400.0
345000,505420.0
369000,315747.09
309000,549936.34
310000,377119.83
206000,223844.0
220000,159654.93
415000,439821.73
125000,141714.99
350000,362413.8
317000,205967.0
504014,529443.98
97500,144675.0
220000,287213.02
245000,235904.21
125000,132810.0
630000,483219.05
435000,397842.12
760000,351383.33333333326
239000,232678.5
279000,232202.54
199000,256949.6666666667
484687,486115.79
695000,488825.35
645000,694419.0
345000,378625.0
168000,203255.5
335000,301940.0
1560000,521810.4666666666
275000,370374.0
221500,358737.61
249000,331551.03
500000,489780.0
775000,557809.82
115000,181240.0
890000,594314.03
499000,460923.7241666666
495000,412404.99
145000,348520.19
399000,569717.5
599000,568363.78
295000,469238.53
259000,225288.5
299000,278986.34
569000,348834.0
349000,398466.07
319000,250013.0
409900,434739.65
319000,322199.05333333334
372645,278990.59
789000,590182.4
275000,229619.5
449000,480792.65
550000,347285.0
259000,358695.0
295000,389494.06
795000,601895.0
499000,410744.99
4400000,792509.5
199000,206535.0
245000,392761.78
1275000,612273.14
178000,218690.0
229000,240585.0
570000,612455.0
473000,409990.0
199000,265789.94
370000,336708.49
749000,767550.0
445000,288899.0
365000,366394.8695238095
391482,382032.21
150000,344520.36
285000,237805.84
275000,274598.0
672500,911104.24
449000,304698.0
310846,311967.36
209000,225816.61666666667
505512,491156.12
368000,384059.95
429000,387023.22
499000,452890.0
349000,303400.0
219000,278824.5
2500000,1823619.0
1250000,495796.29
395000,409702.97
430000,411365.0
668000,608159.13
210000,284893.0
2950000,1474240.0
225000,192381.31333333335
459000,380347.90920634917
550000,379099.15
324000,376241.95
3695000,790380.11
264800,261673.1
375000,354150.0
125000,167533.99
375000,372805.49
535000,534720.0
259000,335559.02
264300,260222.0
259000,335585.0
215000,147882.0
490000,685206.76
399000,147080.0
295000,373905.0
190000,189115.0
220000,249140.0
485000,416103.5
365000,425492.76
449000,382644.99
595000,499747.21
325000,361829.0
150000,161294.0
480000,501552.0
595000,426320.39
159000,134063.0
418064,508457.74
179000,356310.0
595000,736515.0
960000,693135.77
495000,420357.72
335000,355915.0
300000,336944.16
325000,320945.15
259000,337268.24
160000,157552.0
420000,423120.0
751000,476645.0
495000,449430.0
180000,337059.84
99000,120344.98
295000,231552.99
996000,638198.22
245000,166032.0
361000,371419.33
699000,628847.65
534600,449528.4325
284000,284026.25
425000,329064.0
200000,238755.0
140000,202649.94
325000,297015.0
549000,524850.5
1595000,1587290.0
290000,306634.0
1190000,575794.18
599000,888468.0
317500,318530.3925
230000,193955.0
239000,253428.75
650000,639408.0
295000,264195.0
389000,423866.01
615000,467634.33
308000,313765.1
338800,326782.10333333333
320000,332480.0
620000,624053.33
325000,279271.31
325000,362466.0
395000,423410.0
475000,407432.71828571433
329000,303118.0
395000,336753.0
385000,372671.5
329000,346670.0
415000,437449.74
240000,273829.0
119000,181056.99
495000,556407.73
729000,617592.63
535000,418647.5
459000,459488.21
140000,176430.0
210000,285104.0
400000,228025.0
396000,268771.5
349000,353937.0
85000,214147.98
483652,523076.32
415000,427430.0
265000,302804.0
945000,1189160.0
445500,434888.7
545875,621739.07
350000,307615.0
465000,459914.6
313400,343777.26
319000,309677.0
309000,330866.765
369000,319852.0
280000,300758.4525
450000,389374.78
496444,503858.89
299000,306840.29
282000,297361.3462857143
239000,297843.99
420000,395507.75
155000,285398.305
590000,566989.81
285000,248483.11
299000,530129.0
278000,389229.5
200000,337466.0
345000,234011.81666666668
199000,213168.0
295000,378485.0
270000,297245.0
554438,582759.29
315000,462460.88
745000,873728.75
465000,381818.18
350000,337239.67
650000,598009.27
165000,209030.0
369000,348170.0
303500,311139.6326666667
820000,771965.02
1120000,967896.94
521000,481896.01200000005
431500,424113.87
224000,298905.8933333333
275000,359087.74
895000,945260.0
430836,319930.44
539000,517122.97
595000,470722.6666666666
185000,173214.9
526767,507531.58
645000,449988.02
299000,388390.0
569000,527394.0
185000,168167.5
308081,329617.35
520007,511679.86
385000,430855.0
185000,212720.0
315500,327582.65
395000,509805.77
287000,320885.0
299000,236161.0
349000,487404.22
275000,262604.0
299950,251932.41309523812
595000,480645.2266666666
449000,557546.03
385000,433335.0
579000,610312.4
355000,314227.22
405000,405042.1
495000,1416308.6
315000,349019.24
379000,446103.94
498000,498667.81002597406
174500,275749.0
495000,1131654.08
1025000,748548.41
399000,383191.87
429000,413615.02
695000,915064.58
1195000,1141356.18
1995000,1412906.38
825000,693698.42
398000,471150.0
369000,342925.0
399346,398686.48
245000,298160.0
395000,344572.4
360000,331719.67
200000,300168.0
315000,287445.0
379500,355498.0158730158
279001,299408.58
150000,158204.99
690000,403175.0
255000,200908.99
309900,399011.19
945000,327530.0
492000,429622.15
295000,220674.0
575561,570834.36
526035,609001.5475
395000,372687.7325
440000,467075.32
324500,327294.7
420000,515589.5
580837,520072.06
310350,321920.88
403000,512274.24
300000,315803.95
446182,496276.29
289000,241544.0
1200000,726309.0
190000,195724.0
230000,192184.97
393000,441395.95
568000,437133.36
400000,470075.44
685000,379723.38
292000,306138.03
530000,532600.0
395000,287012.45
444000,588825.0
634886,515456.95
374000,339427.8026666667
700000,646830.01
183000,224995.0
367000,427230.35
299000,276464.0
448000,423310.22333333327
709000,448815.9403571428
620000,621165.3
350500,308436.51423853927
598000,623345.65
299000,264174.7925
354000,416507.98
395000,419250.22
165000,148277.0
249000,209656.0
1050000,558860.0
575000,1319678.73
259000,216850.0
649000,417370.0
410000,451691.05
469000,928886.78
329000,288840.0
345000,441782.91
237500,234957.0
375000,230806.86
470000,443520.3
189000,191864.0
480000,515229.0
452500,415204.82666666666
279000,386585.345
125000,184390.0
735000,626228.66
110000,138590.0
695000,719918.84
170000,270527.0
390000,368358.08
275000,274543.0
490000,573451.16
119000,134103.0
209000,253130.0
299000,329353.54
519000,476963.97
239000,305438.0
427500,326104.0
269000,301170.5
549000,383122.95
125000,181439.0
304000,392973.13266666676
286500,348998.83583333326
439000,413314.4
332213,328507.24
475000,414650.35
459000,556647.2
389000,594197.0
505000,465231.44
625000,546612.5
385170,377195.08
700000,529871.71
745000,426360.0
950000,616357.1
535000,383609.95
325000,287240.0
339000,454210.0
749000,343708.65
198000,332681.2
319000,354418.95
185000,192305.0
469000,432303.96833333327
335000,249410.0
645000,487924.0
423000,447089.02
237500,236862.0
139000,225940.92
209000,359121.54
309000,377793.9
384500,379157.5
299000,322387.1
280000,335054.0
120000,159535.0
595000,2053270.0
249000,209178.47
185000,270886.24
850000,465784.76
169000,189509.0
475000,302095.0
455000,452980.0
129000,177864.0
299000,333020.0
267000,247255.0
274000,253095.0
359000,308535.0
649000,875220.0
335000,542089.99
490000,974370.0
430000,416681.86
319000,354410.0
150000,172419.0
179000,228325.7
349000,337264.98
597500,590849.0
297500,259795.0
318000,260576.59
399000,397960.0
365000,488300.74
329000,349950.0
257000,254962.0
409500,381509.4
264000,256875.0
435000,486890.96
280000,251389.0
290000,225474.9
329000,388946.56840476184
349000,346439.72
139000,122810.82
125000,201574.96
580000,532206.9
750000,475613.22
649000,761442.16
255000,302049.0
235000,213042.6666666667
247000,394231.41
149999,261284.0
503100,461631.69
625000,529249.12
135000,138909.0
299000,260753.4
808500,1157855.6
465000,396645.0
130000,221431.12
469000,445998.73
379000,348050.0
420000,440405.08
449000,504569.54
420000,387218.99
140000,179207.3
1450000,487495.0
679849,603554.83
270000,224538.1666666667
795000,612854.58
450000,415987.1
425000,402775.0
595000,914457.24
355000,351784.37
374000,391065.6
110000,136138.99
279000,339270.5
156000,151870.99
345000,373374.99
302300,357699.7058333333
478899,530902.3
514000,480100.22666666674
750000,611652.93
899000,860224.0
639000,522595.94
339000,340865.0
550000,678943.81
169000,158419.99
385000,419167.55
399000,403776.9
228000,329116.17
1390000,853200.0
398905,416780.38
382426,353376.19
195000,246447.99
545000,538868.61
397000,361009.3
299000,313433.0
895000,613744.03
675000,478191.66
532510,400275.59
170000,235719.98
340000,325261.13
632169,549383.73
260000,296425.0
449000,402095.0
369000,423392.26
845000,564750.13
435000,278510.0
499750,697813.0
559000,457031.95
305000,359125.0
260000,267953.0
165000,284014.0
219000,426775.0
360200,378432.88
399000,424805.19
225000,228664.0
575000,672611.0
314000,331391.27
3490000,3240870.0
595000,740785.5
139000,196558.0
295000,239024.0
588915,533142.83
199000,218520.0
799000,585354.59
995000,680928.75
295000,309520.0
399000,473529.0
540000,357218.0
239000,184370.0
149000,167108.5
665000,489234.8
80000,115854.0
795000,717400.0
275000,292945.0
369000,354514.32
598000,410524.68
489000,575748.915
359000,393928.29
844000,751730.55
256400,300641.56
645000,814627.48
233000,330133.11
433250,481252.43
700000,461321.4
652188,693746.45
295000,326120.0
370000,353328.95
490000,421705.0
220000,248928.75
229000,205335.5
345000,462585.89
4500000,1280780.0
998000,917940.0
1010000,1058570.0
449515,601688.02
289000,328709.28
275000,313357.22
349000,357877.995
360000,370345.0
179999,167961.99
1600000,344990.0
850000,802881.56
229000,247233.49
774500,709608.97
108000,124120.0
349000,335392.8
382781,433267.1
515000,510896.535
303000,354005.56
610051,589520.3
289000,299247.96
495000,463078.64
895000,514122.92
377900,425836.6
450000,399930.86
231000,228892.81
217000,204090.0
856333,751959.91
295000,227831.0
170000,146089.0
612900,904364.0
400000,360627.76
220000,242928.99
650000,432984.0
199000,232140.0
199000,230308.0
519000,463739.0
261505,301080.74
135000,150495.0
599389,426438.86666666664
239000,482874.5
426043,450439.42
581800,512194.58
469000,256497.53
350000,306028.0
110000,176663.66666666663
215000,274500.0
375000,346184.63
317500,330143.53
468000,943602.17
519000,559430.0
165000,249560.0
359000,362352.96
374500,418841.41
350000,452282.36
299000,304075.0
195000,237242.0
440000,354600.0
580000,415494.2933333333
205000,176840.0
699000,581160.0
749000,686625.04
599000,458239.0
239000,232383.0
599200,422024.9144047619
749000,569584.97
379000,413252.18
220000,217480.5
375000,265790.0
227500,273506.29666666663
170000,148280.0
299000,338984.65
448000,396110.04833333334
400000,612873.08
134900,125807.98
259000,253330.0
473000,492953.77
420000,564996.84
750000,631313.37
315000,221240.0
520000,501004.51
469900,488947.0
369000,381534.46
389000,332134.95
225000,298929.9733333334
550273,535654.75
890000,728105.9
752984,589799.16
295000,327324.13029678655
370000,349566.24
1500000,580751.27
299000,375467.37
480000,465025.29
345000,371826.79
179000,155719.93
390000,581645.0
555366,531191.72
625000,416160.0
450000,404440.42
381000,369376.01
150000,247675.0
240000,298836.57
599000,400263.25
430200,452666.5033333333
249000,196568.99
499000,460595.79
589000,417224.27
470000,447608.68333333335
175000,243618.0
660000,594323.12
575000,791489.0
109000,168086.54
1299000,893900.0
429000,512792.03
90000,279389.38666666666
362500,740255.0
395000,438803.01
325000,310580.1566666667
501763,506023.51
590000,412944.64
524000,651699.0
495000,485390.62
349000,394240.0
1175000,603317.0
495000,417712.8
328000,323845.58625
995000,797340.0
295000,292658.4
895000,727856.26
315000,274065.5466666667
249000,174077.0
285000,264800.0
250000,215945.0
429000,345233.0
267000,249010.0
285000,299144.36
595000,528646.6666666666
295801,308591.9066666666
425000,411868.46
309000,326460.0
395000,364269.0
599000,412499.0
329000,337202.34
230000,220202.45
650000,502945.0
325000,306035.0
378000,438192.37
695000,524097.35
639739,773475.37
579000,406439.0
447129,392764.86
445000,464130.73
720000,719480.0
469000,469002.64
275000,276559.97
513391,537527.16
329000,311766.5453333334
469000,714298.13
225000,307970.0
215000,201315.0
317000,320250.0
295000,188674.0
275000,268554.62
585000,389430.0
293920,509633.54666666663
486000,530473.15
592489,560065.88
750000,297331.36
369000,383615.05
595000,506319.92
319200,326081.9604761905
229000,348916.02
215000,265380.0
199000,157919.99
799000,630045.45
415000,445109.81
299000,335320.89
545000,445652.54
495000,445474.42666666664
1075000,1107138.36
980000,371145.0
295000,268904.0
224000,194617.25
358000,272116.51
745000,538295.65
358000,372539.21
199000,214694.0
1100000,1214782.25
619000,435396.31
260000,356500.0
220000,211207.5
419900,419621.77
691596,676633.21
90000,125698.0
249000,289870.0
385000,454283.05
349000,389204.32
549000,370469.0
249000,273619.0
480000,619636.35
95000,258776.3375
390000,268282.32
235000,235659.66
169000,193314.9
551132,524533.35
890000,917180.0
395000,362030.0
389000,524010.0
415000,483903.19
265000,219500.0
595000,483638.94
489000,422410.0
225000,285410.2382857143
129900,127216.0
95000,188669.0
180000,126086.81
399000,318856.0
234000,312263.49
419000,414436.565
525000,930696.27
389000,408733.0
460000,461838.16
385700,380549.88
860000,741912.76
165000,148332.98
330000,257407.6
260000,373405.0
155000,219818.99
125000,193429.47
880000,1153540.0
287000,238660.5
412000,423015.18
259600,262663.0
325000,273013.0
299000,265028.0
295000,124392.99
299000,379850.0
339000,338020.0
550000,510166.83
219000,340478.0
320000,281139.73
399200,397620.9
337500,304560.0
170000,143669.99
769000,617219.1
220000,278664.0
99000,129041.0
579000,471360.0
169000,260981.89
349000,327217.77
265000,480625.5183333333
375000,436013.0
839000,1153793.52
375000,380836.0
1249000,816464.6
145000,298853.94
1150000,951550.0
385000,498344.43
150000,212130.0
387000,363897.6991666667
389500,386271.61
795000,824498.5
399000,403079.01
659000,539695.0
225000,239625.0
630000,490630.0
368000,411172.82
875000,496448.64
229000,249387.08
215000,195554.9
295000,270445.0
272000,378125.0
275000,270445.0
169000,207687.6666666667
887500,580327.51
475000,627409.0
255000,186054.63
149000,178894.98
419000,286916.61
120000,166633.0
287000,335488.725
449000,505540.0
525000,508129.54
320000,314325.0
195000,310460.0
481931,500796.03
499998,559999.97
385000,458652.49
264000,404367.0
337000,410126.18
649000,389492.8166666667
490000,385343.23
215000,160578.0
310000,357561.93
425000,372276.04
979000,893578.0
599000,630493.78
599000,875591.62
349000,329221.27
494624,358123.17
550000,510570.0
535000,487202.52
382700,333118.9366666667
415000,852773.5
399000,505640.33
530000,507857.0
90000,119775.32
416295,404239.81
389000,418298.96
379000,286825.0
325000,310580.1566666667
439000,529967.37
356000,337972.9
189000,256625.0
479000,312266.6666666667
545000,522260.66
595000,362125.0
1050000,1200993.62
149000,165789.0
172500,169185.0
110000,170695.0
259000,230328.98
419000,561960.76
895000,537668.0
199000,258788.5
395000,246099.99
795000,466744.5
180000,216360.0
515000,413015.43
230000,267888.97
448099,441899.58
205000,216097.5
165000,190575.0
553035,609001.5475
1450000,946565.67
700000,352585.25
229000,263140.0
269000,360690.0
365000,455390.0
289000,296455.65
363347,348412.2294444444
295000,249419.15
335000,287589.54333333333
159000,131085.0
379500,515990.86
399000,333728.53
339000,296469.0
180000,165821.5
450000,375724.0
370000,306200.0
2985000,2117928.79
200000,143380.0
229500,240579.0
260000,394693.45
2790000,629780.0
1250000,679817.23
431925,438107.39
269000,282997.64
339000,376110.54259740264
340000,371362.21
875000,915812.12
695000,360260.0
409900,437069.65
865000,655455.14
659000,700004.94
239000,164174.99
289000,286929.94
259953,265237.07916666666
545000,721842.26
254000,253490.0
396784,417214.4
551535,547613.01
739000,475900.0
240000,232375.0
622018,557474.66
400000,377949.59
356000,366163.86
265000,277616.0
590000,448123.83
495000,458480.0
395000,423600.78
295000,272565.79
819000,861587.58
346000,359712.49
275000,309646.53
1795000,1128817.24
129000,128795.0
363000,327276.6666666666
369000,376509.0
494000,607109.04
475000,440813.33
360000,359581.21190476185
3500000,3237580.0
398000,362892.76
180000,227963.0
2550000,716972.13
275000,387049.99
399000,360771.09
595000,417268.0
128000,163910.0
279000,251287.0
455000,702295.85
440000,350035.0
895000,669980.0
357650,387262.05
450000,587900.0
149000,179744.0
780000,378170.0
335000,436404.99
395000,623077.45
285000,390834.0
221000,192037.99
265000,327444.45
210000,257296.75
245000,322870.0
195000,358349.0
170000,194795.0
109000,187085.0
284000,305474.18
613721,634403.74
775000,391991.01
135000,196487.0
439000,426020.0643437118
1850000,1338191.0
529000,544610.29
215000,271475.98
319000,309436.0
469000,337212.03
434000,413786.16
285000,437628.12
479000,490586.81
168000,162899.98
265000,328260.0
375000,296424.0
261732,342325.05
220000,287914.99
389000,329610.0
657664,747531.01
388250,362532.6033333333
890000,532039.77
539000,342637.01
410000,339512.62
475000,428675.0
495000,424290.0
190000,290789.5
1050000,1114110.0
381000,372792.12
699000,441104.58
800000,586400.75
319000,447854.98
347173,345004.59
350000,365760.0
839000,841322.89
140000,130905.0
242000,237220.77
199000,242158.5
376810,390809.57
249000,272006.9
210000,237195.0
299000,276295.0
449000,382035.3
397000,355058.49
199500,229853.06
219000,244935.43
295000,263424.47
1495000,1059960.0
400000,405808.73
830000,544946.855
347500,359050.5875
278000,308660.0
450000,447748.85
359000,322701.56
350000,428128.81
742591,655180.39
390000,445531.06
370550,355209.33
205000,212565.0
349000,427890.0
295000,417788.97
169000,245160.0
475000,598759.44
439000,618304.01
1700000,994528.24
668000,510062.78
595000,632306.5
429000,376464.0
260000,319913.0
650000,547074.0
189000,302710.19
375000,657729.77
895000,648406.99
375000,440350.0
885000,954338.53
1545000,819310.0
795000,582445.0
384000,472942.67
400000,408031.25
539000,547989.58
245000,315810.0
269500,305531.89666666667
359000,517986.45
499000,404158.53
466600,355785.7466666667
995000,613244.66
210000,306185.0
395000,482906.48
155000,169724.0
375000,446325.0
240000,259779.99
409000,455805.0
335000,350120.06
2400000,712387.65
230000,279549.46
268500,259201.89
310000,290608.92
894000,696786.05
241500,277028.77
120000,129252.97
233470,272800.47
499000,557065.62
616028,666783.56
452000,462741.32
120000,160541.99
145000,157664.95
695000,362349.95
404250,417392.76190476195
414800,440038.54
275000,281705.0
265000,351997.5
410000,345029.62
289000,380405.79
563500,451156.95
885000,495890.0
615000,812821.21
439000,466241.78
645000,814252.89
1750000,365465.0
325000,281125.0
360000,247350.0
269000,263837.0
525000,882065.0
990000,935570.0
229900,203272.98
440000,487206.57
275000,328782.66
140000,195413.9
860000,508761.92
489449,420164.9066666666
339000,281144.0
349500,355175.0
294900,412444.0
460000,385058.49
279500,266212.0
400000,322016.66
367967,369899.85
239000,212184.56
498000,332436.0
389000,338913.55
315000,352104.0
380000,234462.28333333333
345000,507707.45
210000,262310.0
320000,180199.0
399000,334164.97
120000,106515.0
499000,444291.36
1500000,610363.7
399000,372570.79
380000,280139.99
259000,405584.36
522000,465626.2
410000,385764.57
237500,235558.5
234000,279590.0
599000,373613.99
1250000,589782.17
349000,288188.5
405000,379527.78
288000,241909.0
489000,527793.09
358500,284621.0441666667
341533,358082.9547619048
725000,550716.0
359000,367385.0
421750,336691.62
215000,264702.75
289000,181414.0
425000,344182.33333333326
319000,490101.48
445000,305205.0
389000,408505.0
169500,201406.0
498000,503590.07
158000,155096.0
175000,288655.0
239000,233110.0
305000,370700.2225
270000,750292.5
349000,244890.0
394000,396443.0342857143
115000,151482.91
119000,136463.97
215000,174458.0
520000,620470.0
875000,553398.73
159000,198187.0
240000,353340.0
95000,184545.0
273000,358463.01
220000,197565.0
2250000,455627.46
375000,414920.0
195000,209485.0
315000,344028.18
345500,323862.41
495000,393574.0
349000,320633.34
345000,372240.46
1200000,560725.6
545000,363595.0
282100,295843.71
470000,393040.0
379000,337288.43
160000,181401.0
498000,424469.93
295949,299382.51666666666
320000,333528.38
195000,382156.0
379000,457630.0
370000,404068.04
395000,430532.0
294000,234698.94
374917,420077.77
599343,638657.49
160000,177713.99
94900,114557.0
349000,333689.0
489000,455172.915
317200,336781.76
425000,431215.44
370000,446675.51
375000,294500.0
469000,422284.99
549525,436304.54
139000,174854.99
548000,542670.0
404700,407240.74
445000,1301938.28
269000,231485.0
485000,572148.05
235000,219234.5
258000,336522.38
339294,323511.02
460000,454868.03
1090000,868170.0
289000,379005.0
600000,437792.95
239000,316668.812
945000,737490.0
990000,750199.2
189000,766967.99
285000,299425.0
155000,274759.99
365455,369738.09285714285
150000,223807.0
136000,172659.0
85000,200653.32333333336
139000,163140.0
1690000,614064.0
420000,426396.60712698405
945000,569465.34
356447,362167.5338571429
369834,373423.35
285000,363790.0
465000,463852.8
269000,260171.0
285000,253396.0
439000,414339.64
590000,476381.02
98000,143890.0
489000,391592.98
105000,137670.0
559000,499019.38
295000,394303.33333333326
220000,309149.83666666667
649000,420846.64869047614
1195000,783530.0
169000,155380.0
574976,528034.02
390000,484224.37
189000,243497.5
349000,383251.6866666667
779496,544441.45
640000,648234.29
335000,402024.7
795000,371918.19
535000,328654.9
235000,213350.0
499000,337892.73
315050,316278.0385039682
359500,482018.91
348000,337341.26
737149,778449.46
595000,884053.91
410000,338872.0
620000,511890.55
369000,287090.0
190000,176650.0
1250000,542402.07
430000,584032.68
395000,533577.53
299000,301985.0
140000,118899.98
545000,315366.24100000004
746000,702242.28
453020,409272.5566666667
449000,557200.91
275000,204005.0
1740000,793205.0
422000,387497.25
429000,359232.59
119000,120944.93
404000,401487.5
120000,119720.0
459000,428855.39
319000,320835.4733333334
380000,555349.7
385000,358372.8
199500,433389.87
100000,132653.0
349000,455259.91
718811,642298.66
198000,305921.08
475000,668505.0
380000,382394.65
225000,485097.54
295000,240593.0
790000,889270.0
225000,267055.0
570000,397435.46
310111,293486.13
335000,372455.0
399000,505162.7
150000,275379.0
274000,265236.68
265000,574093.17
415000,484600.67
299000,361667.96
1285000,866150.1
230000,194665.0
389000,389430.0
348000,346100.795
116500,110717.0
549000,439301.26
399000,479245.23
480000,572850.0
627879,630805.55
340000,666965.18
479000,483793.94
421500,266390.25
420000,495455.34
260000,263774.0
250000,431960.0
2150000,782350.0
495000,435753.71428571426
79000,119122.87
699000,746691.49
365000,434648.14
250000,227909.45
144000,194432.86
765000,1152669.39
375000,310610.0
219000,257660.14
149000,294613.99
255000,298014.31
350000,278968.0
426900,476798.67
189900,234888.0
389000,403706.21
325000,283771.32
380000,283468.5
249999,271609.61
375807,387938.12
635000,706967.0
319710,411410.3
349000,408435.0
354500,358920.51
319000,469529.22
289000,392603.55
339000,303503.5
323003,312948.42666666664
360000,249085.0
245000,316307.7
298000,337725.0
371397,400587.78
349000,437159.99
298993,336470.22
401612,405120.7283333333
379000,395436.66
342345,325370.04
495000,495965.46
195000,290070.0
365352,369859.23489682545
199900,235973.0
609278,649768.17
589000,435340.0
175000,321155.0
349000,385489.21
263627,323574.2302857143
689000,1013876.41
281000,239351.835
435000,417156.22
1290000,495165.87
265000,319685.0
550000,381616.5
375000,279169.98
675000,454891.24
520000,563196.22
249000,209274.94
315000,342519.97
427900,434311.63
650000,509630.0
290000,959904.0
504400,461521.3
335000,307477.2166666667
329000,491960.0
558311,566903.77
267000,201475.0
495000,515210.0
390000,430195.01
379000,238660.0
662008,606635.32
316000,316278.0385039682
200000,206531.99
499870,496594.995
255000,301210.0
495000,438298.04
460000,444155.13
420000,568920.0
280000,365087.96
385000,383396.42
149900,318321.76
393130,389035.17
670000,382147.2985714286
265000,225817.94
219000,133832.0
395000,390510.0
199000,201303.16666666663
300000,330745.0
430550,357418.58666666667
305000,233698.81666666668
495000,459170.8133333333
900000,861191.69
2400000,496238.13
135000,196487.0
190000,235365.0
449000,313210.0
416500,419559.29
435000,398780.0
331000,330732.62555555557
299000,362251.28
359000,297889.87
550000,699913.5
165000,197105.5
89000,175115.0
190000,151125.0
745000,603974.2
750000,454875.0
2250000,703870.0
750000,536314.49
342111,347299.73333333334
452000,444448.24
495000,410103.1
350000,339422.56
1385000,626331.5
95900,118090.0
419000,391887.72
395000,266235.0
355000,283653.0
795000,751109.0
662659,521775.18
160000,137706.98
348000,331144.4975
180000,225330.0
457831,433331.0
455000,430494.46
299000,290304.99
407964,403764.8
399000,995286.5
375000,347830.0
450000,332533.0
550000,296227.81
145000,216065.3333333333
475000,606338.19
195000,155590.0
715000,400622.511984127
450000,275050.785
200000,238855.0
220000,283300.0
139000,236059.5
385000,300534.29
225000,243839.99
318517,285325.8445238095
449000,500317.88
229000,227677.5
295000,300883.5
412851,324998.05
591100,503102.71
392000,445612.9
429000,445290.32
266000,273550.12
170000,311920.0
475000,619739.0
229000,318801.0
120000,156095.0
468596,448043.3275
245000,261006.98
228000,355636.39
500000,404010.0
185000,192095.0
449000,476846.59
399000,964960.0
645000,689930.0
239000,264199.0
497053,248203.92
420000,333615.0
650000,522479.13
289000,536195.0
325000,291633.0
299000,397760.0
215000,145397.0
179000,233243.0
249000,328809.5
390000,479559.08
640000,669699.61
305000,282946.9
349000,390309.58
395000,354075.0
460800,521080.73
189999,200700.0
190000,266899.0
420000,448860.0
350000,245525.0
100000,327552.195
449000,427459.3921428572
399000,379573.68
199000,202624.99
392490,373545.9928571428
225000,176184.0
1185000,672038.39
200000,279869.89
935000,589629.15
470000,442425.96
265000,390150.0
570000,709070.0
158000,147646.0
330500,315011.01
275000,297780.0
575000,482649.0
149000,188056.0
279000,239408.0
541190,546632.93
950000,966019.0
179000,211535.0
650000,354920.0
385000,322571.16
548473,447212.64
155000,206969.0
430000,361495.0
265000,279105.95
425000,464728.82
359900,382825.46
399000,380652.14
350000,372230.0
635000,604925.13
190000,202170.0
650000,741221.29
295000,288323.63
650000,591395.69
275000,305655.79
245000,178114.97333333336
139000,199801.99
465000,349500.0
140000,183890.0
736221,543199.97
249000,281900.0
335500,390781.69
344700,317688.01
110000,124515.0
185000,187306.5
550000,497560.0
479000,535952.91
385000,369769.64
120000,287910.0
385000,379411.54
357500,401250.46
254465,296416.32666666666
239000,279247.04
297000,327040.0
299000,276200.3601587302
470000,388739.77
320000,352038.57
370000,350709.0
125000,188390.0
325000,333709.9
169999,176333.9
349000,343599.0
520000,435384.55
815000,621925.65
288556,349430.5025
490000,516760.43
330000,408310.0
310000,247871.0
379500,414019.45
729000,615314.35
320000,423070.0
280027,236800.52410714288
375000,308115.0
435000,341173.15
280000,296582.23
239000,309630.0
504851,491285.55
1300000,482810.0
445000,510236.1166666667
575000,424000.0
180000,178119.0
139000,141829.99
578000,392496.15666666673
446500,455625.06
592796,523925.98
359000,419645.66
199000,240910.75
559026,513926.51
309000,256407.5
238000,265060.0
300000,357911.47
299000,252959.46
395000,491579.47
399000,481251.925
405991,458321.47
135000,262701.79
423200,426503.87
490000,424844.0
315494,291341.0608333333
634296,727354.75
410000,338110.27
265651,277751.13
299000,255987.17
480000,296189.0
465000,409488.0
895000,753989.0
565249,521086.47
3500000,3011670.0
265000,414754.94
169000,144965.0
839000,743668.86
349000,483825.0
269000,307619.0
549000,499069.23
445000,380739.8
421000,441063.21666666673
442000,424134.6
160000,212790.0
490500,476847.8
399000,512930.57
721000,908141.0
139000,163201.9
385000,322609.0
329000,401040.0
650911,652726.12
279000,281534.0
622664,616864.73
985000,537519.15
1200000,874340.0
530000,472757.45
515000,623092.08
2100000,948505.97
130000,119849.0
617869,473333.1
1950000,1030765.54
439000,442874.09
575000,546800.0
515000,562738.0
200000,254893.0
299000,320591.11
344700,344680.16
585000,556165.0
324000,298087.0
174000,305320.0
269000,377212.07
540000,506587.11
379000,316400.0
399000,399813.75
449000,481495.62
160000,255779.99
339900,356257.0
125000,243069.8
369000,355255.94
365000,465796.02
99000,101133.98
389000,318645.79
265000,297359.95
495000,342514.29
239500,217096.0
379000,346657.72
785000,747440.0
349000,401290.0
300000,356971.4
399000,443012.28
950000,520699.77
315000,443734.78
890000,873710.0
225000,380730.0
1340000,1012166.0
365000,303570.0
239000,328704.0
2290000,684961.1
465000,647197.25
575000,382610.0
349000,283033.14
541703,528119.15
259900,297060.0
469000,444040.0
1189000,788960.0
275000,236183.9
479000,335108.65
299000,493550.19
369643,340828.64
350000,269920.0
395741,402487.64
260000,273848.0
1095000,745034.0
495000,512869.97
205000,278550.0
237000,278993.0
180000,188215.0
349000,318725.0
507243,468144.41
529000,425531.0
255000,390972.33
470000,419456.1157142857
499000,613255.32
310575,356577.29155844153
345000,261735.0
299000,302472.4
850000,523463.74
265000,270889.5
495000,414017.76
690000,2550375.72
645000,526400.0
390000,409271.35
335000,339185.0
379000,427220.0
1249000,610239.61
325000,496049.0
650000,410909.0
487900,479295.21
412638,369645.8676666666
535000,439838.17
349000,554626.5
635000,465733.89
289000,302774.0
490000,435146.21
427700,398455.41
595000,791306.14
135000,183059.0
225000,362109.2675
630838,592936.92
580000,352255.79
919000,890670.5
139900,175779.99
323000,210782.75
240000,294904.2
255000,177610.0
2390000,650558.06
450000,538944.69
80000,140701.97
200000,403194.88
95000,155144.99
390000,636691.19
365000,421115.36
895000,548180.0
250000,374415.44
149000,286972.69
433000,405916.57
529900,358145.9757142857
495000,430950.17
1350000,773912.74
1100000,495176.8
365000,220364.97
335000,331952.56
399000,311292.23333333334
520000,428251.1433333333
665000,662107.16
200000,164114.98
650000,435436.32
249000,294503.0
179000,205473.98
235000,239451.29
185000,268510.0
545000,461424.0
470000,343395.0
430000,354944.62
666787,662660.61
670000,546052.7133333333
170000,237750.0
329000,327399.0
135000,166214.99
325000,312960.0
2150000,1773140.0
159000,302650.0
264900,276069.0
285000,345920.83
449100,490974.1666666666
184900,200757.0
155000,282150.0
429000,450455.02
349000,402225.32
249000,312912.43
2825000,1179349.0
575000,446920.0
2350000,1181790.0
357500,380161.28714285715
435000,346983.05
424900,477777.90683333337
310000,257899.0
550000,620875.83
399000,293705.0
750000,579560.0
328000,412817.9
699995,826608.0
542268,490636.66
550000,359698.0
435000,485035.95
214200,226268.0
230000,171083.0
462526,540193.03
355000,220573.19
452000,425688.96
250000,389370.0
335000,326565.05
195000,220460.0
179000,182204.0
664000,428065.0
385000,365945.0
365000,574903.63
350000,558513.85
175000,198273.46
210000,168454.64
159000,160503.99
459171,466657.4233333333
441519,447687.65
575000,581709.03
380000,407506.535
424000,388337.51
315000,279585.0
420103,382152.36
395000,460214.82
110000,139760.0
695000,763633.44
289000,210931.99
616531,541599.52
175000,203409.95
546913,517133.1
89000,195808.98
199000,310514.48
99000,169930.0
445000,250822.75
175000,330172.6
260000,399687.0
279000,524563.0
195000,260900.0
275000,258514.87
195000,147376.0
585000,745860.0
586900,468074.6466666667
325000,329622.7
349000,374171.0
249000,256666.64666666667
625000,909443.98
180000,264570.0
239000,234564.5
299000,451843.46
331000,364436.6
199000,176999.0
235000,244182.25
695000,549251.0
260000,272900.0
285000,299650.96
649000,577537.51
399000,539672.036
465000,371659.13
319200,314809.09
382000,365517.0
1490000,486378.0
2995000,843949.0
325000,334160.0
320000,268367.0
550000,465565.84
324710,560657.8
499000,459973.22
80000,261058.98
185000,177778.99
175000,230015.0
189000,221545.0
196000,247365.0
290000,288031.0
420000,834772.5
110000,127422.95
435000,466584.45
653793,636698.72
117000,159929.79
449000,548509.29
436584,447546.18
308194,310375.61
109000,158789.95
505226,536292.23
975000,696947.77
379000,410349.97333333327
375000,334822.78
120000,141439.9
239000,219681.75
367000,389866.16
249000,319781.02
699000,615876.0
406470,414295.03
159000,233890.25
350000,462958.48
668583,645613.74
210000,277860.4795
200000,180870.0
420000,232495.0
179000,260319.5
269000,354425.37
279000,207545.0
380000,327789.0
195000,280336.77
395000,1122005.0
846019,521775.18
710000,692085.1
85000,173250.0
115000,189330.0
349000,326670.0
155000,180184.0
229000,259350.0
685000,502645.55
299000,296835.0
315000,379135.0
269000,276693.0
465000,314462.6666666667
315000,366780.0
649000,667925.29
399000,328830.0
185000,218987.67
354000,345071.91333333333
299000,350684.0
295000,299932.0
499000,733695.5
565000,468208.12
499000,450952.61
310575,316999.9033333333
326949,418676.94
2150000,195145.0
630000,509804.65
330000,318629.99
430200,460090.93
704138,711986.3
309500,361910.91
327096,385663.3666666667
120000,259180.0
185000,299935.115
384250,339508.47
995000,692370.26
479000,450250.06666666665
1960000,909115.18
85000,204705.0
374531,420077.77
161500,192054.0
435000,437047.17
199000,203070.98
180000,196540.0
3500000,533877.41
491500,470782.09
329132,297569.39
155000,180432.0
259000,244285.0
358000,398917.83
250000,442418.96
525000,499320.46
1625000,853142.02
265000,273140.45333333337
599000,583818.19
195000,195679.99
349000,260460.0
349000,362896.275
481000,723055.0
235000,281927.155
329000,327974.84
485000,451478.005
249000,299592.5
255000,246290.0
189000,358645.0
333500,349886.77
453146,639243.6
135000,135939.9
285000,304995.0
475000,352918.98
599000,531232.1366666667
250000,222078.98
449000,415744.48
549000,1054475.37
150000,158975.0
215000,171549.98
430000,690602.14
180000,148789.98
538979,489099.01
369000,343950.88
400000,395615.0
375000,325814.9
239000,227259.5
690161,599874.2975
800000,666084.71
175000,165962.5
575000,812259.67
795000,907952.59
324500,330865.36
284000,284662.9166666667
355000,313728.65
339000,387002.73
309000,266490.0
2995000,443598.51
199000,247505.0
309000,311910.0
699000,599880.07
290000,312292.86
640000,530425.0
777000,438633.588
1500000,278263.0
465000,377439.57
980000,622397.28
1290000,947430.0
339000,435258.0
229000,176825.0
185000,335375.13
521379,580488.27
389000,571652.33
329000,296439.0
575000,701714.5
798000,590906.97
249000,315974.0
275000,426825.4475
495000,463010.0
230000,197300.0
364153,385145.0766666667
1575000,946697.24
425000,418936.0
450000,400163.08571428567
299000,386958.0
179000,214486.64
239000,306449.44
405000,465392.91
134000,138245.0
422200,412436.9234285714
139000,156089.0
139000,132664.0
345000,271327.76
545000,875881.65
466000,436770.06
300000,310936.34
357416,376354.83
625000,608960.0
624728,592422.8759999999
250000,189499.0
269000,313440.0
249000,182720.0
689466,572573.03
400000,388884.97
1025000,615881.63
419000,552922.0
412000,331034.25
495000,610835.15
1350000,459410.0
625000,378293.4666666666
345000,345367.59166666673
269000,248487.75
549000,488852.7625
473001,462224.24
599000,471199.14
235000,259875.38666666663
170000,186759.0
649000,692058.63
465000,339235.0
275000,310045.0
349000,385414.27
370000,515080.0
375000,565050.0
449000,690995.14
250000,232920.0
949000,707327.47
165000,326150.6566666667
795000,686282.62
700000,442586.3
265000,380124.5
650000,777921.5
327969,309763.84
145000,159250.0
1295000,535791.69
389000,416958.4
370000,400814.16
750000,788515.29
525000,1389698.58
345792,363936.1
85000,157913.99
449500,357531.24
1040000,477572.81
149900,134555.98
300000,503464.58
395000,388000.44
315000,381465.0
495000,404212.97
464500,360283.79
162000,212681.5
1400000,690976.37
348000,319491.69666666666
195000,291050.0
365000,370792.0
619000,471455.5
275000,238433.0
375000,417890.75
545000,437322.06
784800,377087.47
560000,673475.0
1959000,862690.0
430000,689060.0
423700,361204.51
440000,444014.21
522041,508751.4
357900,310913.0
149000,160374.95
210000,201995.0
299000,265001.29
330000,347855.0
1985000,462375.28
320000,233507.84
3890000,2323189.79
379000,456948.0
499000,681150.0
675257,659040.29
319000,383390.09
450000,392605.0
900000,691449.0
640392,619779.15
1250000,369436.95
350000,310995.0
1425000,2794740.52
745000,857972.0
129000,125187.0
350000,347547.84
799000,555997.23
330000,311755.0
378000,378099.1
510000,326579.27
219000,303510.0
583700,679949.81
249000,244285.65
375806,417268.44
885000,409741.26
87500,248563.95
149900,231374.98
1995000,564888.92
745000,413592.17
449000,334425.0
455000,364630.0
350000,348393.61
195000,340409.3
415000,431635.77
599000,517445.0
210000,244719.99
324000,366074.9
399000,419971.07936507947
645000,313735.0
239500,237336.0
415000,645169.24
280000,243096.42
269000,243435.53
180000,297780.0
280000,276913.99
249000,308820.0
135000,196350.0
320265,358368.02
637197,631285.13
3950000,1016200.5
299000,367184.98
355000,479969.14285714284
295000,256232.32333333336
494000,494843.18
525000,429137.0
303600,269341.20666666667
119000,137095.98
385000,325329.95
720000,761071.98
300000,410190.0
125000,166637.26
249000,442765.06
239000,242334.0
5950000,1308675.85
469000,405409.34
349000,255158.0
1575000,586900.0
467000,437943.18
225000,193594.96
80000,163087.12
220000,237481.86
715000,752971.5
590000,462821.84
1300000,752320.36
495000,420759.0
249500,186328.0
350000,306765.0
159900,172108.0
990000,623211.62
369000,336585.0
418000,458190.0
485000,338980.0
445800,495004.85
228000,268281.0
495000,478206.14666666667
390000,381483.0
332227,347845.62
550000,419571.72
525000,397770.0
695000,609340.66
335000,315957.35
835000,597707.44
349000,319150.0
225000,264845.0
219000,308959.99
276000,430800.8966666667
350000,320478.99
349000,415971.42
499000,377511.3
645000,467220.94
125000,151529.86
185000,165028.98
279000,346041.93
435000,518033.54
393926,380676.05
1800000,385555.0
553160,498358.51
420000,416264.28666666674
895000,429030.0
549000,451639.0
169000,248141.95
799000,474569.94
384000,303225.68
649000,632920.0
325000,443458.24
659523,664200.37
419000,411797.83
385211,392315.49
295000,295217.51
490000,442244.0
179000,229800.0
495000,534635.65
565374,477722.2425
695000,684232.88
475000,452098.99
305000,458440.0
279000,294599.0
895000,650908.63
395000,381375.0
225000,219387.8
299000,260490.0
275000,494989.0
135000,359140.0
269000,286853.97
249000,218554.0
375000,348319.02
288000,417544.05
295000,302099.95
140000,207004.0
403932,403950.5703152959
400000,384002.47
85000,171264.99
594000,768433.2
495000,476180.53
1950000,544419.47
475000,444469.63
525000,362209.0
295000,346675.0
105000,110869.0
420201,443216.28166666673
350000,273155.0
649000,441229.81
375000,348120.0
349000,336265.6666666666
245000,340730.0
189000,223737.0
600000,474360.0
950000,672530.2
427000,399547.6166666667
499000,535536.05
180000,286971.21
139999,139045.99
745000,817860.86
259000,280505.0
685000,506603.85
344000,411475.02
287707,296428.39
250000,259285.0
554535,571156.12
820000,413705.23
939000,518170.0
299000,249150.0
230000,304341.86199999996
324846,449335.8575
199000,226254.98
561500,541019.16
360000,347503.0
980000,694924.9
408318,377492.89766666666
335000,336210.0
375000,371567.29
145000,325596.0
295000,325295.08
825000,510869.32
369000,367920.0
339000,272655.0
495000,411274.75
125000,253390.0
295000,189672.0
310000,250867.45
950000,778000.0
398000,503092.53
820000,883330.0
745000,569790.0
325000,305975.0
345000,364948.7
635000,420455.51
739532,540883.22
974181,624206.91
319000,311310.0
559000,508122.0
690000,338910.0
585000,670974.8
414000,407130.5
280000,330560.0
688561,682997.51
398500,476760.54
375000,341633.2616666667
385000,298893.0
460000,458231.04
520000,340530.0
115000,214415.0
475000,524468.72
399000,352258.99
150000,415797.87
250000,278508.0
500000,497666.04
170000,239579.8
495000,555677.41
359000,350574.56
740000,646937.54
289850,300489.57
589000,264700.0
160000,205605.0
320000,370396.0
526508,590182.88
179000,158988.0
421000,510367.48
285000,348224.3266666667
207500,315749.0
245000,319357.5
1500000,575938.15
549000,421391.68666666665
299000,655835.77
375000,319040.0
275000,250963.0
425000,394141.35
1495000,763863.88
290000,285899.96
750042,605380.9
399000,665683.79
265000,306792.442
260000,313062.67
200000,315857.67
386000,274317.56
399000,331706.47
324000,346283.1566666666
435000,300651.0
179000,228688.99
239000,310124.42
395000,436348.98666666663
294795,371487.85
349000,310922.73
548500,521995.97
265000,198070.0
845000,1004568.0
478980,415864.96
335000,248146.5
405000,437343.0
315000,355192.54
115000,201254.0
105000,221588.18
297600,269642.1
245000,266082.7
715000,620421.3
799000,906130.0
725000,806282.55
289000,175655.0
285000,255031.0
120000,324678.99
390000,324812.66
232500,232163.0
149000,154049.95
497000,516422.46
320000,480608.0
439000,295767.6
1150000,842334.68
699000,548731.72
495000,306255.16
425000,658739.87
199900,292349.15
485000,287995.0
1850000,600055.6525
375000,322995.18
365000,387390.0
369000,591435.47
297000,334916.52
560000,498667.81002597406
200000,148478.82333333333
695000,732257.79
298000,240121.5
457000,387984.01
159000,265773.0
219000,226895.0
335000,359628.5771428571
445000,378565.0
379000,430926.91
412000,413120.0
285000,232388.99
185000,219715.0
579000,599734.19
279000,245875.35333333333
645000,729980.0
537345,542488.7
575000,526230.5
499000,484815.85
275000,356844.0
499000,736533.79
495000,417787.09
130000,145019.0
389000,382645.73
195000,274090.0
475000,590441.61
400000,375150.0
389000,386068.93
549000,388416.77
299000,290825.0
400000,448989.69
539000,467144.4625
200000,205572.57
2550000,2571230.0
1535000,725161.18
630000,944255.18
209000,244007.33
259000,338280.0
496000,378722.97
571945,452912.67
349000,373535.0
1295000,570338.0
279427,318531.07
446000,395001.92
420000,331785.4
219000,186705.0
549000,422397.68
470500,455124.72666666674
489000,497856.86
3200000,1350180.0
325000,357359.565
260000,285004.98
495000,486170.01
635000,547949.52
135000,136576.0
410000,368099.0
165000,239814.5
125000,240525.0
650000,779308.0
439500,404579.26
149000,136520.0
320000,285466.51
552970,440448.26
399000,385958.46
795000,513378.14
645000,711082.21
214900,320718.75
799000,287815.85
366000,379569.02
185000,324900.0
290000,288572.2
366200,447037.4816666667
545000,471529.03
399000,427345.83333333326
250000,340409.0
549000,588791.0
79000,101974.0
345000,507344.6
420000,378236.0
399000,345910.0
530000,473628.62333333335
379000,404490.73
430000,355473.99
599000,790404.0
85000,191369.0
275000,301795.0
599000,564964.94
199000,246572.56
499000,495914.92
229000,342090.0
447500,445116.58833333326
155000,238959.0
249000,254254.5
304000,370430.19
275000,285654.0
589500,467151.9633333334
110000,134255.0
496000,861946.8
375000,457220.5
325000,342559.0
351000,350352.0
895000,416255.05
330000,281700.5
350000,312154.0
265000,291774.28
275000,250841.25
398800,407808.2
361500,335979.21
380000,337854.0
285000,250955.0
355000,374204.6
395000,276565.0
334000,299775.0
695000,817750.0
514663,449786.31
725000,464766.39
489000,701180.6
455240,496727.19
299000,393559.43
135000,136150.97
799000,746959.0
995000,801829.0
385000,448626.48
725000,424666.0
325000,251973.0
199000,213299.83
377500,406409.02
789000,692354.48
850000,499838.17
115000,153284.0
549000,502423.0
358703,405870.46
350000,245411.4
199500,422420.0
475000,849010.0
569986,607144.57
120000,148218.99
3890000,543846.75
305000,246271.5
379000,527537.7366666667
295000,329390.0
175000,160145.0
299000,260369.0
225000,300234.0
210000,211075.0
596531,594694.06
235000,322460.93666666665
380000,312588.37
358446,371689.12
425000,329963.23333333334
577455,522668.58
199000,209260.5
144500,192827.0
325000,320819.9
1250000,1034795.6
575000,807199.0
330000,482979.31
790000,506140.0
275000,210219.0
1295000,767399.0
295000,404836.12
390000,318255.0
215000,365595.0
375000,366518.5
349000,359810.0
265000,399889.75
1095000,901284.17
230000,240037.0
473000,448193.5309523809
317000,319469.99
307000,358594.49
149999,151773.99
189000,218827.72
595000,690980.0
380000,464772.88
447255,538406.0
175000,351984.75
135000,157869.95
590000,284249.35
299000,297010.0
209900,183939.0
414450,402500.17
349000,501024.24
125000,210009.5
466000,487278.0
224000,157159.0
304000,297097.2
310000,275618.0
250000,388454.99
315340,317670.64
392500,393769.06
280000,251980.0
745000,452099.0
335923,352126.13
125000,112735.98
279000,297784.0
550000,426262.19
379500,415441.96
127000,244609.56
639000,500938.97
289000,314544.0
3475000,615381.21
385000,380485.0
500000,710146.5
348500,353417.1238095239
510000,547827.8
445000,612405.0
173000,218647.5
332169,378254.78
415000,835400.0
139000,165663.99
140000,241789.71
450000,294189.82
262000,261315.65
4500000,1041555.54
525000,567417.68
655000,837178.58
476520,245492.62
365000,424688.6833333333
1150000,1288397.37
239000,235894.0
387000,433159.8
351000,293887.3
408000,404100.41
109000,162173.9
299000,350168.0
339000,332230.13
259000,344887.0
405348,366762.85
228000,229724.0
499000,382680.465
449000,551039.41
449000,522080.0
110000,166439.0
1900000,683570.36
280000,348915.0
350000,205698.0
795000,693788.5
399900,356769.0
215000,318414.5
645000,404173.0
465000,449084.83
637196,496137.2
335000,292240.2
399800,445259.0
159000,192020.0
230000,251720.0
285000,320318.89
350000,315822.29
339000,317764.8
278000,261849.0
365000,299504.0
427405,404453.56
349000,405520.0
209000,230939.0
325000,506209.59
210000,201720.99
397500,368265.56
200000,264935.0
285000,301146.0
6700000,1223047.93
399000,492281.6
339000,394063.0
2250000,786631.65
360000,276580.0
185000,200274.0
1250000,684514.44
1050000,473529.58
340000,229573.5
118000,150689.0
345000,335518.34
220000,327374.0
399000,480135.0
392215,364678.74
625000,698620.0
525000,394540.0
995000,989609.0
469000,443969.86
235000,195391.0
565000,368194.0
365000,380906.9428571428
430000,524182.57
399000,586335.04
227000,282885.0
380000,352814.48
7650000,2647440.0
409000,444798.4725
520000,975492.74
2870000,1423914.0
445000,473210.0
555222,526695.27
649000,505925.74
325000,487706.74
370000,384624.61
190000,203670.0
210000,328389.0
320000,339952.9
140000,145234.0
461144,466108.9533333333
140000,161899.0
447500,440679.18
274500,339151.25916666666
160000,138869.99
399000,563580.0
292315,294557.83
679000,329583.76
299000,266624.0
155000,176199.96
275000,295215.0
439000,512530.0
721392,678516.97
269000,379135.0
895000,884846.5
469000,440505.075
239000,249344.0
299000,238225.0
200000,405615.91
217000,242215.0
220000,189834.0
109000,153575.0
438200,562320.37
2500000,2296191.0
479000,384194.8
511966,417599.66
135000,148016.5
870000,670563.76
139000,183310.0
479000,481201.66
790088,727305.42
214200,225347.0
379000,408298.71
385000,405462.21
240000,188494.0
419000,319580.0
369000,516875.51
1995000,673757.79
549000,700410.85
385000,481480.65
179900,269416.26
399500,555963.19
365000,327920.92
267000,403845.0
239500,267935.63
850000,697390.0
220000,204664.0
349000,421703.95
327021,418870.04
695000,448919.0
269000,268010.0
792639,612659.95
160000,496314.0
234000,217521.25
322720,325211.22
350000,273699.75
199000,262422.82
515000,452162.45
249000,237525.0
769000,581812.19
450000,269005.0
825000,503608.12
99000,152349.0
390000,334570.0
570000,524704.58
175000,283490.0
318000,279495.0
424000,380148.22133333335
625000,645885.53
315000,282380.79
449000,266455.0
260000,369508.34
1495000,716035.16
475000,430310.0
585000,583438.7599999999
220000,151575.0
745000,433866.0
439000,553439.3575
220000,413402.2
148000,254170.0
439500,347463.5
599000,758094.15
339000,321760.53625
199000,218499.0
426305,430243.04
167500,166878.0
385000,359764.29
845000,370983.32666666666
495000,468273.61
225000,182470.0
385000,314384.99
424000,474003.96333333326
377600,473473.09
650000,721995.5166666667
438000,426614.91
319000,226299.0
85000,409304.9
268000,297170.96
395000,388626.74523809523
199000,433993.985
310000,336522.71
159000,185525.0
425000,380005.99
329000,355634.89333333337
129000,138322.6666666667
335000,373621.37
180000,373815.0
420895,391265.82
310000,353879.69
375000,347270.0
465000,671848.3
695000,521951.0
360000,345499.418992674
219000,334760.0
495000,370784.41
185000,185486.8
380000,358550.41
525000,433317.61
139000,175419.98
320000,542313.0
139000,192729.5
550000,741170.0
326532,415669.7
420000,415173.6625
209000,179464.0
349000,313701.99
3995000,2164310.0
495000,312685.0
1595000,508012.03
424000,373618.021515873
215000,359144.6289285715
595000,560399.56
427809,369609.93
372909,356456.6625
398175,408486.59
110000,108219.98
499000,603246.5
495000,516062.7833333334
259000,320640.0
294576,348593.4725
460000,335725.0
280000,312012.99
459000,416852.84
658309,555318.43
335000,373125.83333333326
349000,356407.55
865000,743721.5
392031,437611.6
660000,315687.76
275000,300770.0
375000,492628.41
299000,351880.0
246000,162629.98
371000,385221.39
369000,419360.03
598000,562654.105
698000,418500.0
567500,461400.305
349000,249950.0
375000,306942.0
416000,396605.60727272724
498666,434782.0
249000,202046.0
498000,400299.99
805626,514558.83
199000,259356.41
369000,487539.0
180000,223408.0
343000,346924.2
635922,629151.48
375000,317139.62
445000,313537.98
560000,203900.0
245000,292455.0
441950,439767.57
369000,503190.0
425000,476758.5
229000,263565.0
400000,300755.0
939000,880845.48
330000,353631.74
119900,135739.99
498000,424690.02
365000,446321.26
424000,432616.41
350000,405475.45
665000,492521.5
260876,307908.6066666667
295000,183669.93
585000,579723.6
347000,352215.58
599000,1164113.87
420000,397873.25
169999,178698.98
789000,888357.24
325089,342265.53
365000,313100.0
115000,151616.97
360000,421019.09
459000,552638.58
319000,286777.49
685000,505710.0
515000,450021.8633333333
784800,667234.23
1545000,884998.0
785000,475777.095
269000,231485.0
395000,421787.96
295000,304628.0
1125000,993526.0
199500,298668.682
180000,257698.52
320888,330954.51
499000,426326.93
448000,374918.0
415000,272542.5
995000,866055.0
450000,499850.0
274500,276704.1166666667
225000,169977.0
1995000,1881900.0
1175000,613320.0
540000,613330.7
225000,253499.0
325000,303120.5
309000,301351.54
398000,334981.25
175000,154909.99
416867,509264.63
607802,355223.33
290000,385172.99
250000,378514.54
735000,899560.0
329000,313159.4
395000,369662.20333333337
249000,290772.1666666666
85000,170183.99
410000,272170.0
210000,178808.16666666663
100000,100262.99
255000,295943.26
240000,282173.98
720000,402439.38
295000,195499.0
399000,411384.76
449750,479494.9566666667
395000,328260.0
284000,281343.0
555000,310970.0
259000,285069.0
349000,502620.0
335000,393080.0
450000,842843.88
276500,287080.07
285000,367834.53
435000,363058.14
225000,351659.37
995000,848419.5
779000,403808.99
340000,354275.98
1500000,833625.6
349000,342935.29
489000,508175.8
435000,410556.23
895000,1032965.0
270000,321680.0
439750,407733.225
1000000,724346.54
739000,383472.0
1200000,712938.27
398000,396160.0
575000,496772.775
575000,677033.0
525000,357647.78083333327
1350000,859864.48
1595000,1670185.75
468000,468634.1
457308,425001.1366666667
487170,401398.25
550000,379055.25738095236
195000,314746.66
499000,525831.5
120000,161950.0
715000,469012.92
349000,361348.33333333326
415000,313220.0
440797,385317.01
850000,622847.19
329000,300189.5
1725000,1237655.0
313945,441402.680297619
190000,155484.9
229500,382676.76
209000,202989.9
269000,317402.99
215000,240415.45
775000,563088.48
195000,235630.0
625000,460591.58
685000,522529.56
1600000,589003.81
225000,218689.75
649050,469827.65
740000,567560.69
425000,396740.78
290000,253165.0
269000,232076.95
950000,1446394.72
445000,442001.68
299000,212712.99
455000,401764.0
480000,557670.66
265000,480285.95833333326
150000,304840.0
213000,289020.0
130000,150735.0
279000,399439.99
239000,281575.0
710000,686415.95
249000,344560.0
215000,221188.0
295000,344095.0
360000,340360.0
495000,597079.0
449000,374083.66
485000,478646.27
245500,299737.71
400000,370152.51
359000,401836.21
349900,326567.5
380200,381148.58
85000,145414.98
408500,442545.6466666667
1199000,971775.0
457954,466108.9533333333
149000,231605.0
275000,245063.39
425000,452960.0
465000,360883.3333333334
1089000,504736.2
519350,571160.42
129000,217398.0
338976,323261.42
393685,396956.36
140000,171764.0
335000,379395.0
135000,131853.98
279000,301223.99
430000,417538.21
364645,279609.59
420000,417257.0
445000,551280.0
430110,375658.25
269000,418879.0
293100,388676.1775
249000,362676.5
179000,162356.0
1525000,526035.5
495900,426600.42
165000,123497.0
400000,421260.62
279000,271701.2466666667
790000,608506.88
578142,542918.3
345000,375206.54
990000,1968300.0
379000,360288.06
1800000,782305.5
99000,140639.98
325000,469042.99
109000,186774.99
199000,225179.90333333335
339000,232960.0
3800000,435418.09
390000,483054.1
245000,290079.0
600000,427839.04
415000,331885.6666666666
595000,582250.0
560000,387468.94
330000,433361.95
399000,563580.0
325000,384876.24
459000,421680.46
180000,202493.99
875000,770806.65
350000,349028.7
375000,517683.41916666663
349000,457580.9
2400000,490080.78
399000,339956.98
450000,380791.97
585000,794169.0
1340000,545949.14
189000,207923.53
765549,705914.14
190000,235638.5
360000,274147.09
275000,264284.49
145000,321209.5
895000,844386.76
634186,712312.51
625000,508016.0033333333
341000,331565.03
1295000,975260.0
339000,324172.07
298000,320781.24
380000,366055.0
608945,563038.79
649000,444294.0
480711,508075.12523809524
179000,785990.0
297000,363869.54666666663
349000,295274.5
169000,247905.0
399000,361935.0
250000,279558.91
410000,380491.6
449000,431419.13
120000,141113.33333333334
108000,123582.99
160000,230180.0
295000,465742.42
1250000,272302.44
299000,280606.08
179000,285250.0
220000,180120.0
349000,405456.88
515000,397108.96
452926,464939.85
249000,249472.48
589000,527410.0
250000,216815.0
499000,425045.5885
357000,304469.0
339000,369944.89
629000,832535.57
595000,371691.59
1995000,472254.87
379000,335304.18
348500,367699.48
285000,443461.39
575000,528957.41
490000,493772.85
790000,396540.59
130000,130539.0
364000,365403.54
495772,492613.19
649000,437390.8933333333
245000,245810.5
245000,405023.1
365000,342007.0
375000,367899.0
399000,422703.96
145000,193622.0
395000,387051.2266666666
294000,285600.38
825000,563690.0
399000,227061.76142857142
379000,628542.82
399000,377613.87
350000,315565.0
469000,471400.25
1699000,510030.36
395000,372355.0
2550000,1233660.0
185000,216160.0
755000,536329.75
640000,802640.0
140000,150319.99
435206,422787.18
385000,363574.29
1699000,530827.42
675000,701230.0
130000,208045.0
735000,902329.0
675000,818635.6
1300000,882508.19
259000,302715.0
819000,1073064.17
665000,773780.0
315000,295688.26
269000,306022.5
287500,319252.0
1199000,1008900.0
450000,390288.91
382000,405442.13
130000,194378.97
425000,329760.55
3140000,977999.02
200000,197474.58666666664
369000,429890.0
195000,244360.74
335000,328818.49
553501,554329.15
431485,467186.8
189900,215893.59
320500,334947.95
353224,375532.48
365000,483079.0
309000,375360.0
125000,172084.96
399000,373095.0
219000,178497.25
249000,305949.2
350000,391035.0
88000,212689.35
189000,217632.26
220000,299780.0
262800,263009.3
189000,292083.5
320000,239168.45
545000,314446.81
998000,980229.0
365000,360040.0
190000,192500.0
295000,334832.94
185870,251189.865
340000,427299.0
218000,209415.0
170000,289509.5
225000,238086.75
215000,240748.0
199000,187765.0
187000,254798.99
671800,555215.63
386779,417174.01
439550,404216.00333333336
370000,408571.8
179000,200858.5
995000,535230.0
334000,360634.4375
350000,322630.0
339500,261455.0
495000,595778.2
238000,264764.97
730000,709238.0
675000,346612.52
195000,179490.0
505313,465679.69
210000,198190.0
275000,341298.0
199000,313313.4066666667
385000,476982.535
660000,537541.48
650000,778510.0
800000,786683.79
315000,370648.32
530000,356948.46
529000,456186.5
419000,945850.76
229000,358344.99
185000,313991.93
699000,450087.26
370000,295754.99
435724,429561.16
318560,316278.0385039682
321364,373268.575
178000,136465.49
499000,481052.61
339200,354136.8775
999000,974400.0
125000,176146.99
349000,263475.24
459000,567233.16
559000,614172.45
315000,334529.07
179000,163594.0
375000,517683.41916666663
250000,240586.31017316016
295000,299980.0
450000,410862.35
214900,333732.75
1695000,940329.0
295000,250028.0
2200000,816623.72
650000,506308.81
1590000,870482.37
150000,181544.0
89000,130805.0
230000,243317.52
249000,278954.0
340000,372925.75
340000,340264.49
248500,269994.12
1075000,938250.0
235000,220922.5
279000,265430.0
475630,482739.71
249000,241065.0
275000,310840.0
479000,429885.14714285714
329000,352530.0
2100000,768245.0
185000,183717.0
437400,414698.5
385000,320315.0
429000,428463.0
245000,243522.0
159000,145397.0
158000,203395.0
560000,394019.0
399000,327770.93
119500,154454.99000000002
269934,320623.03
569000,352734.64
159000,252063.55
531926,516726.11666666664
469000,389044.22
895000,546313.41
892103,730261.56
399500,405064.3632142857
225000,268815.0
249000,254983.0
394000,388355.2866666666
369800,354350.5866666667
259000,325480.0
492095,492440.56
420000,494774.45
340000,295123.16
265000,304042.0
499000,503044.37
347677,332330.43666666665
180000,161264.0
449000,489206.03
339900,385050.28205128206
170000,216840.0
542600,441437.32
497922,512228.53
336000,328647.68
105000,190317.5
425000,392020.83
250000,210850.0
250000,414654.5
444850,398754.23
229000,406682.85
270000,259381.97
249000,291575.0
995000,509947.29
375000,595039.9
322800,347774.85
385758,386855.96
245000,276114.11
145000,174056.99
429000,585375.96
857479,692868.3
435000,388895.38
250000,349490.0
299000,242482.0
490000,317760.0
249000,368641.9
265000,334295.0
239000,304062.86
349000,326245.0
360000,627980.81
381500,393627.2
463904,485712.84
139000,239799.52
279300,201007.98
204500,207092.17
199000,254643.38
975000,619619.0
599000,466585.32
292500,199310.0
442639,662529.86
349000,316144.35
3950000,2937740.0
599000,419829.0
260000,225796.34
485000,580785.3
618660,365702.56
210000,208451.6666666667
695000,456530.0
185000,211387.5133333333
199000,186286.99
619000,460002.45535714284
1100000,536009.81
515000,463814.0
699000,853721.5
269500,316074.26
120000,161075.0
399000,429190.5
2700000,605375.39
315000,187629.0
479625,458821.85
195000,305411.58
595000,589792.19
485211,418894.12
425000,403671.96857142856
428000,356490.0
625000,362107.29799999995
145000,152083.89
284000,264829.55
449000,507035.77
650000,511793.0
225000,183655.0
455000,494481.24
298000,360001.68
287000,323426.0
480000,422800.0
460000,414563.14
274000,255040.0
140000,118685.0
695000,958200.0
240000,361390.0
94000,165785.0
245000,276755.32
509000,495576.7833333334
110000,139690.0
179000,203130.0
150000,142870.0
750000,517959.0
580000,447930.44
399000,321090.12
434000,373618.021515873
450000,360200.0
429000,365333.82333333336
350000,370584.98
574000,558063.74
449000,289727.99
2195000,1704024.0
175000,235513.0
915000,665623.92
1590000,719603.49
435000,300404.865
335000,383807.22
1795000,1135989.0
749000,724408.77
675000,709550.0
330000,268410.0
309000,290334.49
399000,368386.99
318000,433326.26
595000,801940.0
310000,372254.99
379500,414177.98
312000,309752.0
135000,150784.96
110000,172100.0
350000,457157.94
495000,361055.0
339000,323665.0
520000,356905.34
379000,318172.07
699955,809006.3
385000,369625.0
388789,418598.42
288000,336242.98
310000,309186.57
490000,429170.0
100000,140018.0
294400,303611.98
645000,773300.93
480000,410496.0
335000,348754.0
575000,540662.64
499000,383679.16
239000,215750.0
279000,257075.0
299000,323424.0
299000,347557.5
185000,161135.0
539000,684074.47
632763,674282.08
110000,183929.99
429000,377106.91
495000,331405.0
252800,253038.0
370000,398710.0
299000,296835.0
99000,144961.99
249000,256384.0
399000,481755.0
79000,129213.96
595000,534331.13
621000,555099.95
329000,368020.0
365000,370839.29
780000,494480.0
282500,336248.0
290000,254260.0
175000,134054.0
600000,329731.7507142857
150000,354194.9
395000,280029.5
244900,285068.99
580000,593244.46
190000,300043.97
850000,347813.36
990000,733643.0
235000,244792.8
4395000,2323170.0
675000,572972.15
220000,207865.0
340000,325185.0
445000,508014.0
451832,421524.8
1800000,870866.5
199000,229277.0
295000,835989.0
420000,336309.73
586900,470913.0566666667
1975000,482387.2633333333
345000,357245.56
210000,239090.0
439000,433588.97
229000,283929.99
90000,156213.57
495000,407876.5
700000,908550.0
667999,624817.28
415000,421744.94
375000,369605.0
239000,239403.0
360000,243961.81
273870,382041.16742857144
259000,224469.0
995000,875740.5
314332,448075.57
330000,299400.0
573961,524681.11
649000,287647.49
399000,381894.08
290000,332599.0
450000,839640.31
329000,264614.99
395000,523874.35
580000,616859.74
249000,472264.79
628774,612618.49
950000,888983.15
441544,462561.44
1250000,758015.0
375000,265824.0
318000,340189.0
210000,196279.0
850000,577330.0
298000,550512.5
349000,371456.98
119999,123477.96
484500,511310.92
110000,139782.98
135000,146609.0
360524,349722.75
419000,400383.47
195000,262277.975
287707,320976.95
1297000,835564.09
299000,330610.0
449900,422959.05
620000,468088.75
599000,788894.99
165000,207388.0
379838,359004.29799999995
465000,332449.27
279500,224409.0
383000,388283.3
88000,214694.02
365000,262819.99
249000,369862.78
430000,573309.0
259000,453468.0
362000,320570.0
159000,216479.9
398383,370539.61333333334
249500,144230.0
525000,812646.8
749000,1013330.0
350000,491249.0
359000,375925.11
410000,469797.0
439500,438788.2
199900,207255.0
225000,287484.65
395000,353480.99
1495000,1013262.06
265000,330936.0
299000,283778.75
89000,101438.0
999000,402453.99
230000,216060.0
355000,334361.251
160000,133504.97
579000,627780.0
445000,357360.0
536835,411958.82
159000,285912.56
274800,332445.0
432000,410777.0166666667
559000,638900.0
425000,397226.29
591715,588337.48
358000,415204.82666666666
283682,277737.4366666667
1375000,1186509.1
229000,216300.0
850000,492989.0
289000,259989.0
449000,398180.94
129000,115889.0
99000,160006.99
900000,453700.32
435000,645830.36
449000,356392.5
330000,318500.62
440000,394715.0
1750000,533876.5
370000,386279.0
245000,329485.45
245000,232520.0
1199000,588593.41
490000,946320.0
240000,219889.5
99000,138549.98
2195000,1029050.0
700000,525595.31
240000,234359.0
890000,260834.99
3950000,1387157.24
565000,609812.31
849000,647071.5
625000,518687.11
199000,250804.86666666667
425000,488264.97
360600,373872.768
331985,357260.43
359000,350077.09333333327
525000,368960.0
489000,521582.815
349000,510804.0
629000,514619.23
225000,438713.6775
552000,479597.27
295000,333384.0
225000,255500.0
599000,546624.5
249000,300758.0
230000,437405.2685714286
400827,393147.02
749000,461476.31
435500,359000.28
99000,142675.0
320000,377847.27
675000,410143.68
319000,268285.29
925000,692726.24
135000,182463.62
199000,260488.0
239000,278529.0
299000,267047.53
295000,328260.35
169000,347168.79
139000,274770.0
467000,377055.88
249999,281750.5
569500,357545.22
540000,378978.94
205000,257430.0
215000,253803.0
315000,361805.0
749000,576625.77
795000,1041270.0
625000,1404941.88
369000,337960.0
120000,151334.9
325000,346076.95
449000,482192.0
995000,442795.0
679000,589839.99
265000,183219.0
335000,277640.0
229500,282554.96
502016,508883.07
950000,640930.5
502700,430383.81
599000,507309.73
384696,380697.92
375000,334206.48
449000,444456.72
470000,534534.12
350000,390514.1
285000,335175.0
298000,322485.0
145000,257123.38166666665
2550000,654050.0
369000,505248.06
270000,429229.0
289000,226919.5
530000,234834.98
259500,288958.49
392250,446352.44
238000,237993.0
275000,264975.0
200000,224870.0
499000,427267.64
689000,782819.0
250000,418369.46
444686,366436.15
522041,552248.23
599000,397932.88
450000,412410.0
95000,129069.99
225000,218164.0
460000,484033.26
640750,541611.15
348000,295374.4163636364
445000,364065.42
788146,719856.48
485000,462636.73
425000,490835.48
374000,428486.97
482000,437127.81
119999,253237.90666666665
219000,314875.0
299000,290999.66
199000,269699.0
752000,522300.91
395000,392099.4
109950,222389.99
345000,407105.88
430000,366269.0
512000,452616.64
995000,854328.41
160000,272055.31333333335
160000,276312.13
830000,484380.03
167950,241048.0
225000,393363.18
331800,380869.39
449000,399840.0
895000,493864.5
259000,288490.0
900000,1010790.0
399000,400197.0
499000,533014.72
410000,255572.0
360000,330606.91
331500,316513.51416666666
374000,504634.24
275000,304275.65
598027,731711.86
165000,187779.99
465000,554001.82
358000,353402.97
339000,394063.0
490000,592805.08
635000,819010.0
109000,120729.0
585000,602858.03
427000,411093.1
495000,436615.0
359000,380650.0
142500,178201.96
369000,349848.32
750000,884907.45
119000,109963.0
395000,498191.2766666666
155000,163634.99
415000,354865.4
790000,565005.04
329000,322038.89
370336,254731.41
295000,334044.43
399000,428816.075
771000,646669.63
195000,381159.0
159000,207520.0
89000,208719.96
390405,394377.14
408100,377805.85
1145000,583508.5
189000,153688.99
2750000,568614.84
550000,466878.2
99000,148169.96
242000,273149.65
429500,369640.5
325000,330763.1
1350000,437594.33
269000,281888.5
345000,287982.0
2195000,2252550.0
431925,430417.23
875000,508666.0
95000,155150.0
235000,305630.0
550000,332185.3
130000,237195.0
239000,291891.0
549000,551436.0
400000,380033.64
335000,323562.99
299000,311249.9
335000,357070.0
199000,342490.0
335000,303343.3
144000,183424.0
220000,226369.9
180000,246684.0
603757,694447.72
399000,323317.85
485000,388219.0
685000,690049.0
415000,361489.0
475000,489736.88666666666
265000,350161.44
898000,705657.79
189000,176614.0
1450000,889965.22
155000,177604.0
299000,296911.6666666666
599000,384142.56
349000,267820.0
250000,545712.13
2650000,530038.92
490000,316439.62
499000,456819.47
249000,243547.85
350000,403955.0
329000,409686.38
209000,206449.0
160000,316693.0
385000,358675.0
329000,305280.0
249000,264144.55
371000,473957.0
1190000,272608.0
150000,137673.99
1295000,543154.91
359000,427550.18
130000,185895.65
622000,587508.05
415000,578180.0
488556,528747.27
475000,577060.02
249000,280765.34
359000,373283.32
378000,374471.1975
349000,345611.5
999000,568820.55
295000,351465.92
239000,203889.0
369000,418290.0
100000,213994.0
296576,376789.47
699000,313596.5
425000,361379.5
1080000,641101.77
275000,242379.5
269000,323789.5
345000,288648.0
408500,417366.2666666667
235000,214387.44
375000,733855.65
795000,952950.83
341464,527461.87
135000,148789.0
950000,453190.0
584000,559654.41
595000,680624.23
169000,247178.33
239000,275442.0
315000,249350.0
593406,623185.74
328000,283164.8642857143
259000,312468.0
375000,427273.73
195000,253560.0
439000,554538.46
249000,213280.02
510000,460030.89
415000,426184.14
610000,590368.35
1785000,2410919.0
550000,521434.69
909049,746622.6
310000,327120.2
205000,192704.0
389190,433947.61
249000,221274.0
199000,271879.0
295000,302134.0
795000,835210.0
349000,302076.0
765000,322335.0
393000,422389.18
511883,545469.67
159000,256986.98
219000,249805.0
345000,554630.0
590000,329645.0
349000,371620.6283333333
479000,646448.79
715000,983980.0
373500,387583.26
629000,561094.0
325000,311230.65
337500,285315.4025
398900,317308.23
420000,362239.5
240000,282260.9766666666
170000,120175.0
395000,446557.35
729000,389267.39
5750000,1330570.0
649000,1304130.49
375000,418140.0
230000,223103.0
1150000,823560.0
770000,575311.28
480000,413285.0
249000,220678.75
749999,626213.37
299000,245970.33
430000,305996.99
469291,486973.795
135000,130290.0
725000,538830.0
329000,338045.0
365000,345655.0
388607,531350.95
639000,567994.65
999000,600895.65
875000,496578.88571428566
475000,975871.0
459000,383570.0
320000,356590.95
159000,170225.0
159999,151648.54
452567,462412.36
105000,208133.0
384094,369706.805
175000,137865.0
210000,212610.0
159000,313333.0
765000,903090.0
375000,488300.74
559000,465005.86
320000,260540.0
215000,218665.36
117000,122224.94
215000,170484.82
435000,540511.35
1155000,757161.52
699000,425007.65
351000,360329.905
179900,264235.0
399000,176618.0
625000,576599.84
545842,581436.88
325000,395280.34
295000,317258.46
608900,515528.81
670679,621187.47
950000,647866.35
119000,185089.36
120000,128514.0
326000,188725.0
349000,434804.56
585000,722313.14
639000,664099.33
549500,765020.5
230000,464919.89
195000,177550.0
370000,354477.16
149000,288445.0
229000,223925.0
535400,335914.165
680000,601892.09
130000,174174.98
421000,406280.0
382500,371188.59
580000,451769.97
399000,718020.0
2395000,1373259.24
424000,401766.49
2150000,1188049.05
429500,402174.3225
702769,756984.41
5850000,1485655.72
354000,369131.9933333333
345000,362280.0
925000,736087.18
450000,426185.0
85000,206590.0
475000,554510.43
220000,257410.0
549000,436659.0
465000,311575.0
1200000,530228.88
330000,380521.63
349000,224600.0
2695000,773859.39
215000,265501.0
775000,765437.3
135000,218914.0
410029,436970.4733333334
349000,310000.0
735000,606785.0
570684,489013.39
289000,397812.77
289000,351929.54
335000,343576.36
399000,383320.96
145000,165144.0
269000,468512.21
675000,1597040.0
650000,568110.0
620000,635479.56
185000,434643.47
250000,252095.0
483427,401064.65
219000,291629.0
150000,180730.0
193000,196442.0
787000,840141.72
160000,180699.99
496500,405074.41
399000,408636.66666666674
235000,402200.9
395000,377962.67
279000,434871.31700000004
320000,307324.58
279000,283803.0
249900,240373.35
1084000,547218.94
545000,296860.95
149000,186039.99
850000,666012.3
259500,270648.0
675000,394290.0
495000,538572.65
310000,242127.66
399000,1728199.0
495000,479225.0
218000,166714.98
349000,339760.51
371054,328125.36
385000,412088.93
558100,408917.82
265000,312970.0
1150000,721413.5
350000,339320.0
555275,592467.43
269000,201053.6
1195000,462111.51
350000,497647.04
215000,211234.0
629423,616259.01
1095000,743263.72
649000,344690.0
449500,441937.76
119000,194863.0
445000,588101.65
585000,428611.6
199000,288504.0
3500000,731867.65
198000,221185.0
250000,320776.41
386300,345302.81
635000,280555.0
250000,235560.0
285000,275761.0
599000,560996.78
385000,391686.06
633299,570241.76
160000,187765.0
410000,338689.35
509073,487083.78
698000,568238.0
260000,262805.0
650000,319820.56
230000,304140.0
598000,507180.0
299000,356985.0
479000,389910.0
425000,399686.07
310000,394952.96
700000,743663.64
675000,456910.0
2195000,2164108.79
422000,399477.2
185000,259795.0
325000,392780.64
320000,389454.2266666666
549000,667748.0
409000,555245.57
484167,349004.14
435000,378808.41
368300,402534.9
225000,271158.55
305000,429160.0
319000,324535.0
235000,248735.0
695000,390330.54
300000,378568.79
549000,539562.02
449000,444786.4833333333
3195000,389798.23
679000,480785.31
599000,563257.8
179000,252490.0
329000,611872.39
3495000,595644.05
349000,393270.0
564000,430103.05
1799000,903329.0
80000,130805.0
310000,675592.35
349000,465803.59
189000,247489.0
299000,296385.0
2500000,3222230.0
95000,163158.96
650000,321530.9
229000,338358.56
489000,365412.85
170000,347375.0
249000,317570.0
439000,504464.0
650000,288078.0
650000,399205.34
199000,256285.0
319000,261276.5
400000,346885.0
725000,546327.0
140000,137500.0
99000,173329.0
200000,163449.99
480000,367362.0
99000,190499.0
649000,1221273.4
525000,470015.6
390000,380684.0
695000,528396.75
777482,749458.19
575000,523460.84
349000,386590.0
426976,473689.8
259000,304406.84
130000,396715.0
1500000,811112.02
155000,209865.0
376500,538352.1
339000,317764.8
135000,184743.52
295000,315014.0
549000,650488.5
329000,304695.0
734193,766703.02
325000,267229.0
435000,468846.58
398000,355446.5
385000,407555.07
390000,358107.94
269000,294511.0
269000,337508.005
599000,484470.01
119000,168192.9
279000,240122.0
285000,331615.0
324000,441478.26
312000,318490.0
205000,351420.0
279000,291460.0
474500,469532.05
169000,256035.0
399000,316860.0
375000,304717.0
400000,613715.58
238700,274287.37
295000,428223.12
269000,213900.0
450000,454414.28
150000,128224.0
2500000,1479747.36
650000,646684.05
399000,410929.0
299000,298425.25666666665
389215,315364.3
1450000,462577.27
259500,263655.0
259000,433809.58333333326
325000,309790.0
450000,823013.79
399000,245809.99
399000,406490.0
325000,423130.17
439000,512497.55
329000,369256.0
1900000,1174856.13
915000,425359.0
234000,225905.99
349000,378297.3
470000,293878.99
289000,227048.99
320000,326825.0
185000,282119.97
330563,354280.52
275000,313365.0
160000,136638.98
515129,507349.63
439000,472026.41
416759,472821.53266666667
395000,222429.0
775000,872760.0
411817,400446.2591666667
339000,287473.0
250000,365251.0
549000,614038.39
495000,498150.0
489000,463738.27
595000,572321.43
450000,474392.66
355000,315882.63
150000,179429.99
439675,439153.2466666667
168000,322333.46
457717,424515.9
295000,289262.77
498000,539914.66
295000,237682.0
530000,344469.75
258000,278775.0
225000,167204.0
119900,175848.99
398588,416674.86
248000,329970.0
249000,251830.0
749900,661106.13
575000,456702.6
275000,263561.5833333334
395000,391691.33
462000,409242.71
149500,174733.89
2950000,1437530.0
495000,271530.0
235000,233917.75
135000,215910.36
399000,407380.11
275000,308280.0
396259,453892.55799999996
425000,551514.54
338950,332098.27
295000,369107.966
500000,475875.15
345000,340868.27
581516,528768.88
455000,483604.6
670000,521177.42
369000,315585.0
750000,342264.68
299000,288978.97
295000,277541.0
899000,721110.92
279000,246070.0
387000,376664.4
302142,392074.37
495000,348230.0
335000,609170.0
249500,279002.03
145000,131766.0
85000,115990.0
495341,549616.12
549000,732168.0
385000,408784.32
700000,406496.0
375000,349282.0
348000,329816.32
580000,561730.0
529000,536342.7
195000,296279.0
225000,206405.0
179000,319345.06
295000,449028.40333333326
350000,323230.4
259000,287580.97
349000,363119.0
190000,270055.0
438000,498737.83
875000,433807.55
695000,623010.0
319000,253735.0
750000,419506.81
435000,579540.79
784422,711916.03
299000,347507.0
159000,162379.0
399000,373950.0
278393,277914.4366666667
514100,510146.72
595000,353459.89
280000,284756.0833333333
313000,324760.0
210000,199948.0
410000,332862.18
326000,361541.0
375000,318549.62
325000,288010.5616666667
499000,553751.06
369000,406035.0
485283,431336.67
3500000,3003500.0
299000,171877.56
450000,424136.44
169000,205699.5
850000,316230.0
344756,357527.6466666667
150000,305092.94
3200000,559376.88
189000,180094.0
485440,428937.67
215000,220688.99
225000,240666.0
458000,398534.73666666663
299500,262028.0
85000,161939.89
165000,156623.0
110000,225001.0
198000,317836.0033333333
1290000,903018.0
560000,655126.14
324000,276250.0
470000,486919.5
645000,281833.89
250000,253496.46
495000,436941.85666666663
275000,294535.3333333334
359000,227473.99
510000,447368.69
399000,424667.37
310000,361401.0
499000,451087.62
199000,842989.3
130000,265944.0
140000,186708.46
292000,313674.0
319726,319998.68333333335
325000,300871.54
319000,442973.32
269000,360490.0
420000,346421.99
359285,373368.25
100000,137444.89
769000,586703.16
409000,674571.44
332450,311428.45
130000,252324.97
434000,399344.76
159000,205970.5
239000,292379.0
770000,588990.0
349000,324725.0
180000,211650.0
339000,327460.0
450000,343359.785
319000,354537.33
469000,371595.365
427400,423876.93
599000,506833.19
584000,564361.0766666667
649000,384269.0
309000,395466.0
295000,385328.99
2495000,1098856.13
255000,223905.0
105000,125316.99
281916,382041.16742857144
200000,188899.0
1595000,950250.0
397080,313643.645
465000,475049.62
265000,339169.85
389000,342609.96
239000,299300.0
169000,213725.0
506000,492218.64
330000,446224.94
650000,561137.53
397500,430213.59
426157,403404.64
179000,215379.9
565926,600605.19
364900,323615.45
578195,566614.85
795000,630328.02
300000,279720.0
339000,328604.95
399000,398950.0
441085,458177.44
299000,349828.37
352500,732805.0
475000,626392.37
367850,362375.2
1290000,1107659.75
670948,600598.35
430000,362019.0
344988,459069.35
250000,316645.0
390000,347018.44
455000,415059.43333333335
297500,343335.0
319000,280494.29
295000,215627.25
1890000,782497.24
175000,179450.0
139000,164688.91
1190000,785009.34
339000,294720.0
155000,271344.0
795000,488884.11
775000,563088.48
399000,282360.0
205000,209809.0
3250000,538483.03
410699,362329.14
345000,264838.19
216232,259331.63
609941,604139.18
661123,631709.52
675000,729885.71
279000,245279.0
298000,283145.0
90000,140899.0
264800,259586.06
259000,287580.97
412000,486026.71
229000,177948.0
135000,116980.0
160000,370224.25
400000,405879.75
342250,419032.7
449000,565801.2
169000,187104.0
335000,316380.0
265000,362307.19
410000,325327.41
599000,908874.48
500000,414778.585
264300,260142.0
350000,339024.0
239000,391654.99
560000,593844.47
399000,373455.78
720000,805831.0
339000,356640.25
265000,298160.0
209000,307939.84
269000,265800.0
369850,327905.5
349000,396280.87
200000,141790.0
90000,268524.24569444446
615000,695764.38
575000,478568.81
616569,624589.95
1345000,637188.79
750000,846925.6
120000,168694.0
419000,392668.7
325000,254500.0
280000,449526.33
325000,293800.0
219500,201567.0
249000,278920.3
549000,539562.02
469000,450015.0
895000,695188.24
310000,275130.0
375000,345170.0
596400,399041.11
328000,352575.57
506000,427360.08
155000,213446.98
275000,227348.0
310000,277334.0
320000,297424.95
265000,234839.99
593611,547202.91
86000,157474.99
225000,176820.65666666668
500532,460784.83
585000,568355.64
379000,298798.0
180000,231047.99
155000,176999.0
325000,329640.0
335000,325383.38
195000,348095.0
285000,254210.99
499000,554139.16
379500,404566.96
210000,185759.77
209000,171119.0
379000,357475.0
595000,519991.8
663257,532288.73
1575000,586900.0
340000,259262.95
265000,275881.93
625000,611690.0
339000,404655.98
368842,251248.29
240000,334950.0
510148,373846.578
275000,380445.0
419000,360718.58
225000,345826.48
149999,177007.99
299000,383227.59
1475000,729079.0
249000,274600.0
430000,568620.0
435700,409719.8875
199900,206578.99
295000,287206.98
159000,218830.5
190000,211870.0
528200,505535.99
225000,195830.75
99000,145613.66666666666
335500,363338.73333333334
399000,287031.7480952381
160000,255288.57
309500,367905.51
399000,297220.0
295000,249539.0
238000,374722.05
199000,293615.0
750000,502310.0
517500,482169.12
580000,785885.0
387000,422956.28
330000,401162.9
150000,144454.83333333334
219000,254824.78
250000,210907.0
448850,461635.63
299000,348580.18
489000,437049.1266666667
380000,220651.66666666663
499000,334804.0
199900,245360.74
595000,609134.5
649999,200354.0
325000,263399.0
395000,319384.99
477405,405207.52
259000,309873.0
160000,190780.75
269000,371517.08
497500,477102.98
249000,236243.0
180000,352725.0
225000,275449.99
385000,304395.7133333333
1400000,1000250.0
695000,427430.0
130000,119799.99
419000,525400.0
549000,550771.2
90000,212783.3
625000,434270.0
595000,579613.2
501000,504450.88
5900000,937273.72
899000,535259.0
190000,241327.78
300000,352526.43
649000,470239.0
170000,188739.57
149000,208774.99
590400,393945.1157142857
470000,535279.32
595000,974920.0
450000,538986.27
179000,190979.99
229000,187668.0
499000,515464.42
189000,161899.0
239000,246900.0
240000,287989.0
188000,356532.83
645000,649290.07
1300000,578339.2
265000,272415.0
80000,166130.0
175000,193200.0
444507,387880.8
515000,457530.66
139900,133268.99
225000,337859.6466666667
445000,443921.14
287000,296870.94
470741,491483.45
442000,384180.1
497800,505637.45
365000,341687.62
350000,178050.0
279000,212184.49666666667
219000,255389.5
273607,307212.3066666667
325000,238768.0
180000,257050.0
275000,208465.0
1390000,787001.5
150000,249832.4
650000,365028.0
489000,543522.34
475000,226259.0
475644,464758.89166666666
1750000,365465.0
80000,133864.0
469000,1047844.38
349000,338163.17
449749,447353.18
270000,227929.0
429000,433550.0
535000,510952.58
215000,289407.0
1575000,960571.09
229900,245950.0
89999,125202.0
299000,311375.0
503084,478088.08
115000,160821.99
190000,177633.0
395000,341195.0
319500,319361.19
265000,313078.0
497500,444531.35
229000,210899.0
390000,349588.02
425000,435048.0
405000,402532.04
599000,567810.0
385000,715589.75
229000,241667.0
449500,444760.0
529000,422990.4831349206
430051,390650.98600000003
649000,506535.0
230000,247350.0
175000,270670.0
784650,713406.3
199000,282334.13
325000,365630.84
189000,214618.0
417000,422102.22785714286
635000,702588.0
495000,917568.0
145000,105203.96
280000,277406.99
300000,263268.97
338000,364620.46
249000,262436.99
1160000,705149.04
395000,492665.03
548500,515476.93
375000,312545.21
371000,399455.5666666667
820000,700657.51
1555000,854610.0
379000,479830.58
349000,557730.86
417000,699670.0
745000,725407.85
167500,269383.0
220000,236755.0
398000,595855.05
139000,166540.0
299000,383749.99
375000,380402.0
375000,355642.6
1270000,519676.0
347355,354335.092
559916,583924.05
379000,390017.06
495000,446100.0
295000,235557.39
360000,351114.34
675000,629566.0
4000000,448310.0
549950,450011.25
449000,334760.0
340000,364864.6
295000,344830.9033333334
1400000,362698.99
1370000,1011379.72
409000,422337.01
480000,393435.0
279000,260986.5
159000,159546.0
349000,370519.99
369000,377229.99
589000,372355.4088888889
435000,451251.81
170000,188140.0
299000,249115.96
159000,161103.99
299000,384120.0
235000,311845.0
405000,320747.5
785000,698887.77
559000,429253.615
529000,431915.18
295000,285904.0
1319000,480656.64
345000,328575.0
285000,536112.87
456408,282672.64
260000,202073.9
411000,350067.28333333327
195000,130214.99
649000,478097.32
150000,217950.0
150000,215240.0
229000,225525.0
1190000,556745.0
270000,228704.13
465000,604308.58
475000,472677.07
199000,235764.0
329999,305289.84
980000,706490.0
329000,431424.025
230000,324614.33
581726,534384.72
2950000,1145267.24
372000,375418.44
225000,230440.86
575000,452530.48
355000,341519.18
159000,353942.22666666674
315000,285332.42
470000,310358.5
230000,242854.0
515000,505446.7
129000,260012.13
426974,490272.76
330000,396818.1
395000,1461311.87
210000,224270.0
380000,475991.03
349000,341495.0
225000,216530.0
995000,740509.25
299000,308850.9725
299000,519726.2
210000,222630.0
340000,245427.0
249000,314395.64
349000,346796.3
290000,244785.0
199000,194125.0
498500,395185.0
344000,528235.0
395000,422708.97
82500,139410.0
369000,451485.89
450000,590625.73
495000,455320.0
189000,164093.3333333333
425000,298087.99
299000,269360.0
125000,204087.93
496906,566168.15
569000,546441.37
509000,344646.75
189000,175571.0
185000,147960.0
624000,470047.94
880000,928000.0
338000,337670.0
320000,309085.0
299000,381403.5
125000,195092.26333333337
220000,218012.75
641172,623965.84
210000,140695.0
467500,360002.32
299000,323850.5
399000,343996.52
350000,505950.89
426150,420599.0309121433
410000,413025.0
420000,286231.15714285715
199000,213767.46
465000,446315.78
511500,465171.96
375000,430754.44
649000,273519.99
565000,608183.62
449000,416895.84
239000,218409.08
395000,484197.06
785000,790162.0
559000,492482.87571428576
160000,299227.01
516624,563894.74
290000,250738.0
197000,226810.0
119000,113795.0
321000,432419.26
499000,428128.78333333327
1150000,483918.73
195000,181915.0
395000,428202.19
260000,296185.0
199000,244490.43
359000,326797.98
875000,511054.99
250000,313077.375
349000,381493.0
1275000,732540.59
239000,273504.0
1040000,477572.81
1295000,1330095.11
289000,395220.0
349000,462696.37
850000,863009.0
105000,119496.99
135000,165057.91
196850,228270.57
380626,440469.01
548000,768470.0
384000,342072.0
179000,343892.67
575000,660850.0
920000,627160.0
300000,236780.0
1295000,1203460.89
170000,150095.0
570000,445515.68
298000,353338.0
330000,275674.0
494000,484302.65
385000,345123.13
284150,289249.0
454370,350214.75
535000,438999.0
706610,728403.77
140000,153329.97
380000,352814.48
648000,885097.58
315000,259355.0
547000,471293.0375
540000,262565.0
169000,140802.0
258000,296370.0
259000,244925.0
449000,486323.58
345000,380219.98
749000,1013330.0
180000,277740.0
450000,363291.66666666674
499000,549566.0
249000,207525.0
475000,437619.65
305200,307401.29
449000,384790.61
765000,576970.0
1200000,609054.28
440000,437712.75
380000,296484.29
383700,354505.06
258000,239985.0
295000,225895.0
315000,302920.0
120000,154464.98
269000,312917.44
249000,271375.88
285000,294045.0
386000,404374.3822222222
325000,412864.78
275000,254514.96
510000,484727.5
490000,444297.62
410000,332568.0
249000,440860.0
260000,233448.99
140000,106635.0
399999,392593.1
489000,596331.7
525000,356104.34
310000,340234.7566666667
270000,567445.49
388250,325539.8433333334
455000,413057.0
798000,493976.4
413600,546898.06
349000,381024.61714285717
159000,225867.5
320323,374702.69
189999,213155.54
549000,613314.76
1295000,770660.0
389000,373195.77
215000,285280.0
355000,330543.92
225000,227883.99
269000,337508.005
400000,312899.99
475000,471846.43
480000,381657.6366666667
750000,600524.48
434000,441800.0
429000,409170.0
360000,415938.0
375000,266939.98
450000,368681.68
395000,521478.0
145000,196068.0
140000,169209.5
550000,368600.0
650000,214589.0
498030,503945.815
129000,224118.53
1350000,603978.2
225000,236653.98
140000,346443.33333333326
750000,870119.82
400000,396804.57666666666
880000,468368.5383333333
469000,495597.28
635000,690134.0
289000,291515.57
817656,658057.18
390000,424822.3
395000,413960.0
639000,819436.41
250000,241284.99
130000,211895.0
348000,329844.0
237500,182569.0
595000,778245.0
442760,422156.8466666666
235000,234512.0
365000,359581.21190476185
375000,317780.0
198000,263879.99
340167,377007.59
398685,496112.85
379000,576719.0
210000,215510.0
140000,226897.5
345000,317644.99
504011,479170.57
180000,310387.26
180000,222603.54
285000,436140.99
1299000,793482.44
129000,169943.99
249000,417004.0
390000,453037.32
379000,383230.7
750000,377704.0
159000,212445.0
1095000,1095695.54
250000,471460.3
418200,399869.89
375000,475432.66
372000,370193.9
315000,302211.43
348800,643930.0
225000,183994.0
390000,493708.42
379000,546032.91
329000,955348.34
465000,452426.63
285000,267875.08
1800000,509070.0
250000,231210.0
618614,576762.87
521245,562274.33
405000,393750.0
295000,225540.0
259000,251683.75
140000,126354.97
279000,260912.0
378131,425871.4
459000,398766.52
315000,349569.69
601129,581503.57
409000,470730.22
315000,346997.74
1190000,903540.0
280000,263561.28
394000,485632.32
425000,277678.15
1100000,581408.22
385000,385257.48650000006
450000,316487.0
289000,238849.0
179000,157643.91
409000,349320.0
499000,450510.0
445000,640012.0
395000,248710.0
229500,220435.0
495000,493489.3
850000,732448.0
434057,512944.1
315000,346521.92
850000,487014.0
135000,104042.0
589000,505297.26
280000,286758.0
220000,172463.99
305800,279408.09
139999,166673.99
245000,198093.98
325000,398778.21
865000,809335.59
279000,280783.0
425000,465254.92
139500,152609.0
259000,263590.0
495000,388023.2
155000,183573.99
435000,417701.09
489000,501879.37499999994
425000,660224.77
285500,287322.89
344000,445683.05
820300,893077.19
315000,300389.35
4385000,2911190.0
407300,358188.3533333333
159000,247615.84
427655,339578.5
320000,312234.0
100000,144037.0
385914,436759.21
1695000,1128169.0
99000,152578.0
430000,458862.29
225000,286005.3416666667
595000,285090.91
160000,212170.0
249000,301935.0
451375,358621.83666666667
209000,284620.0
990000,924910.0
219000,280977.0
319000,232376.79
299000,309678.42
523000,582803.94
443177,374331.1553333333
230000,347820.0
545000,399230.0
556386,577291.41
310000,311710.0
178000,220680.0
165000,172070.0
439000,289727.96
549000,530814.77
275000,288424.77
361809,376547.36
295000,315980.04
349000,258240.0
450000,469985.0
475000,382710.84
840000,632628.1
650000,482541.96
550000,471403.06
750000,297104.99
425000,220640.0
355000,349147.22
599000,580828.68
119000,173388.87
275000,207819.99
550000,537788.0
725000,497459.0
547566,594905.28
80000,115233.99
375000,301899.0
169900,264040.0
695000,721236.19
450000,397342.93
220000,211964.0
475000,754335.0
699000,491464.12
305000,288660.0
479000,720110.6
485000,492630.0
389000,318350.0
159000,206395.79
427000,378327.02
295000,368786.69
2500000,2671585.72
159000,266015.0
459000,499783.83
425000,316372.58
378000,404008.1338405484
299000,302655.0
250000,259300.0
249000,238395.47
422000,417095.0
210000,313400.74
235000,318310.0
95000,167185.0
119000,183100.0
399000,402337.66
377939,372525.77
295000,266252.41
610000,510323.54
790000,548531.06
349000,300205.0
895000,511779.5
949000,945470.0
269000,917220.0
269000,249623.33333333337
169000,123264.0
299000,293733.99
295000,383485.18
611713,653192.09
500000,476052.0
200000,315505.0
245000,247050.0
325000,428149.06
1575000,594980.0
299000,221109.99
269000,325883.75
549000,728249.3
570000,596246.82
199000,220635.95
395000,1784260.0
270000,218648.0
100000,257820.0
265000,557952.5
483372,494245.24
331000,283810.0
459000,413403.78
579303,573609.98
510000,477322.035
179000,252543.3
215000,212730.0
543900,398593.17
985000,672166.5
390000,364217.49
420000,298859.0
195000,212916.0
294000,569300.0
439000,423120.47
320000,282285.46
310000,422010.7
370000,399369.94
499000,504028.0
85000,324606.6473333334
485000,350791.04
349000,578957.55
322000,303922.41
669000,470104.12
320000,323175.17166666663
749000,886942.0
460000,332511.99
89999,106072.99
180000,188174.93
185000,143875.98
291800,303423.0
169000,278448.0
619408,597871.77
788000,778281.78
165000,308141.23
423145,464953.71
455000,333065.0
159000,146069.0
541800,684583.38
360000,322016.98
356497,498330.81
230000,209563.0
175000,341195.83333333326
379000,357690.0
449000,373266.54
115000,130353.96
245000,199315.0
289000,307103.0
347057,404679.78
960000,995570.0
105000,149824.99
465000,491990.5
410000,393692.21
566735,633112.48
1750000,935790.0
115000,124592.97
344000,410397.1233333333
446250,452526.88
495000,417503.0
350000,272270.0
165000,138993.99
750000,465538.11
490000,367804.06
450000,488999.69
385000,380836.89
970000,586722.96
249000,247095.0
228000,142629.98
689000,289705.0
199000,213638.5
450000,457786.69
290000,353530.0
645000,561996.59
316500,323557.82
419000,448426.18
170000,263241.21
269000,233428.99
465559,444017.85
369000,362284.0
170000,153292.0
795000,1334870.0
169000,247905.0
248000,289767.9
99000,207030.0
299000,320454.56
295000,360389.98
145000,237501.40666666665
499000,489620.0
1190000,293431.375
305000,249033.0
490000,465364.64619047614
589000,485237.2
397000,301512.5
330000,359763.91
375000,340152.56
299000,287035.0
417242,427948.74
380000,352725.11
169000,165450.0
405000,431820.87
1195000,806965.65
245000,261214.0
199000,219679.5
265000,250037.46
690000,504304.955
240000,332423.99
429000,458567.83
95000,164744.98
148900,171930.0
257000,326067.14
155000,195823.0
725000,677659.6
1300000,372173.96666666673
625000,638256.15
135000,168347.0
130000,122415.99
279000,283715.0
535000,586114.15
436000,400817.73
3800000,1128988.19
375000,330590.0
337823,363020.31
109999,130708.99
439000,494780.0
549000,614489.8
619000,465790.0
1100000,857358.93
229500,218709.5
845900,524714.0
450000,487189.0
289000,335801.84
325000,381412.39
1250000,513922.0
1389000,498156.5
249000,265485.0
145000,177012.99
325000,417243.35
710000,533347.57
280000,201300.0
491157,400174.8
695000,580622.1
369785,316278.0385039682
465505,430240.4
598000,441692.87
306227,322226.0933333334
795000,435764.43
323000,321258.64
289000,252919.0
425000,427084.43
185000,218920.0
487000,399105.0
629000,534750.93
975000,605766.55
219000,227391.8333333333
695000,689475.11
625000,742865.0
595000,448646.13099350646
357952,368908.47
435000,536964.47
219000,164479.0
299000,336380.0
415000,368854.1166666667
170000,192759.495
229000,234355.0
334619,344163.07333333336
215000,220730.99
275000,352372.23
399500,362707.7257142857
325000,352116.58
470000,595252.02
295000,343659.45
315000,415612.44
385000,426955.78
650000,1108340.0
499000,346430.05
389000,266417.99
499000,429186.1
365000,353084.99
341464,391805.63
315000,314497.5
559026,592788.81
450000,410839.0
220000,215980.0
250000,308435.14616666664
710000,540920.0
299000,477270.0
965000,943810.0
129000,198274.0
149000,201419.0
599000,489269.99
400000,418778.53
419000,450842.92
275000,310707.07
789750,866530.0
745000,684850.0
785000,662247.0
575000,415243.83
80000,156815.0
375000,407135.9
229000,209829.91666666663
1700000,324275.0
465000,521699.945
311266,323577.76
649000,737108.0
1495000,676496.53
322000,356761.48166666663
1625000,506800.58
495000,373641.21
350000,290040.0
230000,324106.54
499000,661208.09
168000,254203.43
109500,128234.0
395000,284896.95
359205,354888.89
475000,477601.45
195000,164935.0
499000,735543.0
370000,350243.73
285000,313209.7366666667
421140,361163.84779442777
157500,128392.0
159000,211719.0
1750000,603889.95
595000,550908.24
625000,703836.82
539000,454982.81
100000,111830.96
320000,323716.02885714284
148000,138502.0
249000,245920.87
399000,443933.71
321321,352359.7033333333
480000,466149.18
195000,299519.03
358789,364092.4
469900,373187.93
235000,376062.3126666666
90000,115767.98
308000,537434.75
109000,241840.0
573961,505050.38
275000,262190.0
120000,131947.0
1495000,651425.66
247500,251932.41309523812
185000,160671.9
330727,336542.3733333333
2800000,967618.0
285000,405540.0
632407,595067.33
640000,940289.0
199900,204374.9
549000,304480.0
567523,498761.56
370964,416435.81933333335
225000,273431.49
2200000,847703.23
249000,266912.43
398000,348763.99
339000,422698.75
495000,410078.04
480000,448744.78
479000,421819.605
115000,168835.0
219000,195529.0
325000,455434.94
349920,426820.05
560000,492893.03
230000,261753.0
309000,271520.0
129000,159099.0
229000,278490.0
95000,113169.95
229000,263010.1
210000,179505.0
344500,370568.55
289000,226421.6666666667
446654,465390.62
530000,546270.0
275000,285469.81
750000,399095.93
95000,192543.99
361500,365100.41
486670,508967.28
369000,406670.49
358000,342009.0
220000,202984.99
360000,265778.0
325000,456465.0
327187,281768.0358333334
190000,245284.99
399000,537012.8
330000,246881.025
479900,630494.94
435000,476949.6366666667
184900,257833.32
1200000,911511.7
482300,482736.47333333327
495000,521720.54
999000,531514.0
370000,356258.0
349000,303091.08
235000,262268.3333333333
325000,297015.0
1850000,677179.14
629000,610956.0
2000000,412690.0
695000,480070.0
218000,228424.3
999000,574121.35
572774,615669.27
625000,582064.62
899259,878341.06
399000,311409.9
199000,155826.0
269000,277488.73
375000,394451.09
250000,300804.69
295000,301559.0
650000,287275.0
310686,315398.43
128600,205720.93
795000,558279.46
445000,583024.03
577145,468939.36
169000,173238.0
240000,430580.8
549000,426985.0
79999,108959.98
605000,479691.8
180000,307670.6666666666
359200,371743.75
495000,476433.42
369000,419634.86
490000,497911.92
379000,343110.0
549000,517721.1
84000,151259.58666666667
929000,470733.0
359000,397066.94
535000,736934.0
259900,385713.0
549000,422418.37
429000,327150.0
350000,470411.09
570000,424686.65666666673
375000,384609.0
1045000,580935.5
330000,434719.65
335000,382405.46
413310,462591.03
331998,409386.17
199000,287045.0
366809,384697.19
329000,305729.0
355000,384767.0
320000,482861.50666666665
190000,512020.0
450000,484314.63
249000,196529.0
850000,541380.28
356133,389363.74666666664
600000,469365.58
1250000,987310.0
384860,408553.09
389000,364948.5366666666
1650000,981194.13
225000,285799.49333333335
495000,453754.83
339500,342772.24
519350,434065.64
549000,502925.86
665000,531385.0
439000,481801.93
240000,216390.0
260000,353040.0
275000,235345.88
2195000,1695250.0
415000,415414.39
355111,353398.47633333335
365000,346896.29
175000,154726.59
290000,343370.0
305500,235139.05
774500,831842.59
198000,418000.62
400000,297889.99
345000,247330.0
260000,174530.0
649000,570529.37
120000,177225.0
545000,472167.12
649000,597496.0
360000,372264.64
356000,352620.0
225000,290991.98
275000,204054.99
249000,278269.99
897589,692868.3
439000,418109.0185714286
324000,274653.75
350000,394237.0
180000,351515.04
189000,166797.99
150000,238623.0
175000,154965.0
689000,501643.76
359000,604597.41
280000,348407.9
440000,456644.7
265000,265080.08
635000,783088.17
299000,346925.0192857143
629000,405881.615
275000,782135.15
475000,443421.65
295000,556143.23
508547,507191.85
313400,337979.67666666664
250000,301590.0
381878,465883.38
290000,261680.0
480000,482212.8833333333
575000,720818.0
530000,543920.0
218895,292752.22
334882,324291.31
750000,676482.14
449000,630130.0
275000,215930.99
469500,464816.34
595000,988768.0
145000,172979.0
605000,600850.47
235000,195890.0
149000,212299.99
499000,408125.0
425000,394594.36
925000,1023149.72
249000,325300.82666666666
249000,350987.11
750000,313370.0
1350000,692733.72
599000,486271.79
519000,487389.0
219000,390535.0
362000,354799.55
440000,515141.63
1770000,334337.9
160000,162647.0
398397,407033.79
145000,214829.0
349000,346780.0
1675000,703061.78
295000,310164.72
494910,362700.9166666666
219000,315266.8
345000,325373.99
327000,329544.45
155000,310438.65
380000,467327.75
265000,326335.0
2600000,443523.56
185000,154189.98
259000,158164.0
299500,339565.0
2870000,1423914.0
650000,558257.19
462109,506952.87
375000,412848.11
299000,194531.0014285714
470000,445673.98
525556,510574.54
359900,306197.6566666666
900000,248942.99
260000,298243.66
499000,504540.0
519000,465626.2
1950000,981089.0
640000,524415.0
198000,197065.0
220000,286311.5
319000,324268.0
229000,218090.0
725000,734843.67
445000,411682.27
349000,421087.58
249900,161865.66666666666
460800,521080.73
3450000,704221.0
295000,302969.0
260000,302160.0
449000,361645.0
375000,494865.0
90000,197836.5
160000,275473.50666666665
1300000,700330.62
330000,328491.705
279500,298046.91333333333
249999,190494.0
325000,249870.0
349000,351274.33
95000,119199.93
298000,355024.9
1175000,820989.0
406000,386452.98
329000,458365.0
175000,288115.7083333333
405000,312264.25190476194
3100000,1317260.0
3300000,1315737.24
189000,230404.0
199000,206410.67
219000,202794.0
562500,580338.06
629000,398393.35
353000,333061.34
790000,884307.0
399000,417336.52
262000,311362.035
499900,532786.07
400465,388097.78
339000,406895.0
501103,574013.546
399000,420917.93
149000,164764.5
435000,481579.6
480000,385111.13
275000,231632.75
245000,332624.87
255000,255299.33
425000,385969.55
499000,345314.0
249000,178904.98
155000,146465.0
249000,285700.0
395000,440270.03
569000,365025.0
321988,306471.17
140000,171129.89
3500000,2964850.0
1650000,897099.0
620000,556774.0
1150000,464222.0
267900,268992.1266666667
477609,478640.59
395000,539722.0
398670,410836.516
99000,115234.98
525000,490686.0
184900,218429.98
225000,231755.0
139000,197210.0
799033,766748.92
695000,455835.37166666664
210000,258810.0
356068,447925.54
249000,188874.32333333333
750000,678622.11
428300,353946.1933333333
210000,195483.0
499000,643345.8
340000,341204.88
179000,194425.0
375000,206119.48
900000,1112405.09
249000,285119.0
730000,692223.13
150000,137567.0
240000,405280.0
549000,445200.0
375000,399987.95
335000,370835.0
390000,331329.47
565000,417612.35
343000,299096.99
3695000,1991078.79
259000,260750.99090909094
225000,306424.92
450000,633859.0
599000,422420.93
329000,297044.0
416494,403340.28
349000,300595.0
495000,394830.0
525000,532460.21
240000,228682.75
1100000,803501.14
300000,299060.0
632366,621030.81
259000,334274.0
449000,562483.18
160000,183960.0
250000,126851.89
319000,288980.0
419500,353770.87
259000,386187.52
640000,513268.21
350000,277365.0
529000,524736.49
331360,374914.16
245000,210546.79
460000,334446.34222222224
189000,196913.0
685534,626392.2
395000,441065.0
465000,417670.18
185000,204330.0
280000,296413.0
397000,265031.0
780000,572990.11
369000,386655.71
335000,289475.61
291000,316410.66
502000,436868.88
240000,222307.36
2295000,2120600.0
125000,156405.0
784800,564159.71
335000,285370.86
340000,317699.9
585000,576015.13
800000,349979.0
319000,356014.43
404000,431759.77666666656
135000,173769.96
295000,352150.45
405000,397272.52
179000,183333.99
220000,342559.0
845000,924570.0
410000,410238.76
430000,409221.64
400840,400770.48
1120000,442173.45
445000,426487.69
425000,437990.52
785000,767170.0
612676,584659.13
399000,526931.6533333333
115000,111279.0
249000,196528.99
435000,462700.0
1249000,512113.74
145000,208014.96
180000,185799.0
295000,263067.94
860038,762999.97
349000,341524.22
119999,134973.8
439000,505005.66
489000,548431.5
350000,654714.94
275000,385070.0
2950000,1192031.2
179999,246494.98
950000,495182.05
590000,431130.0
5850000,2201750.0
275000,218529.0
390193,346216.84
175000,146450.0
394000,331989.5
395000,386786.39
275000,357630.0
398000,336862.41
99000,178961.31
259000,253537.33
85000,115441.98
299000,204494.0
290000,469262.51
845000,541543.5
180000,282849.1195
349000,473008.42
229000,285770.0
385000,588080.0
335000,466414.8241666667
108000,209300.68
139500,149235.33333333334
220000,369107.41
374000,265034.0
385000,395355.0
595000,566973.51
425000,523423.81
3495000,581569.05
299000,385482.04
219000,282974.5
495000,478383.32
219000,248405.0
389900,345346.06
2950000,893095.0
204500,281765.0
365000,384678.4266666667
450000,436610.0
150000,250044.0
520000,501798.53
492702,516368.66
460000,410327.53
695000,640760.0
859000,344400.66
300000,204913.99
531518,613427.57
395000,598907.55
375000,395812.22
875000,365621.0
420000,392385.12
1030000,746010.0
649000,542084.3
795000,497918.08
220000,203000.0
437000,525012.0285714286
659500,365364.47
625000,205654.0
475000,500897.0
155000,213065.0
344500,344723.91
465000,401866.42
389000,315310.0
365000,441831.96
175000,241580.97
799000,903240.0
1290000,709166.02
145000,117049.97
549276,618303.55
265000,328240.0
845000,622955.77
97000,135279.97
850000,402357.99
449000,421377.59
275000,240558.99
265000,320027.0
318711,352605.44
295000,277835.0
1285000,833779.44
849000,637048.11
197000,192339.99
375000,284140.0
85000,127444.72666666665
110000,147018.93
119000,171550.0
249000,260775.6325
499000,398954.0
258000,288130.0
445000,554330.0
465000,434516.77333333326
275655,470725.35
820000,650911.09
375000,330709.71
285000,297065.0
1495000,1148049.0
532238,593277.92
375000,349699.0
190000,201289.88
465000,461926.3966666667
729000,565270.54
279000,353070.0
194000,170096.99
240000,216005.0
390000,366090.0
509000,371424.48
235000,206702.32333333336
85000,106114.0
995000,932940.0
275000,281549.0
535300,422024.9144047619
179500,241193.0
498000,489602.6587878788
479000,437203.97
950000,345240.0
525000,895912.01
529500,599210.3
280000,285720.0
435000,404255.0
413188,357538.73
215000,213783.0
249000,252469.0
79000,114691.66666666666
435000,379973.94
875000,635790.0
299000,450685.51
398000,298144.0
485000,403552.03
349500,434600.0
875000,507200.0
670000,716494.99
195000,411015.0
506139,587665.32
249500,462600.0
165000,329371.29
379900,372833.94
750000,682100.59
480000,447392.52
259000,203200.98
649000,561114.02
299000,282115.0
150000,134290.0
509721,508668.38
140000,178994.94
355000,268965.0
349000,331663.0
495000,370344.12
115000,155762.97
138500,257777.54
375000,350965.51
621401,618819.8
899000,338689.96
543075,477778.69
303341,314070.95
210000,270980.0
442639,476519.34333333327
465000,286373.982
315105,311307.045
360000,371689.0
2150000,755737.24
499000,654088.0
579945,576093.895
320000,352038.57
395000,387883.68
150000,265452.88
499000,574110.0
640000,196675.0
560000,468911.71
375000,365030.0
603175,600716.35
394000,316503.2
232000,323251.24
468000,480421.93
155000,224025.0
562800,417289.68
239000,315478.1575
1350000,375884.97
349000,365925.0
365000,347491.92
435000,389480.73
270000,287230.0
235000,277306.99
250000,242000.0
330000,464655.38
280000,279328.6666666666
349000,184630.0
120000,140759.96
449000,484795.83
334250,320792.2
385000,461956.74
140000,238607.25
225000,232240.5
95000,131479.98
299000,218518.5
608800,647273.43
249000,212641.75
299000,302169.59
935000,590888.31
249000,300685.09
790000,731159.0
550000,553540.74
954068,888100.78
481424,492544.27
205000,276349.38666666666
125000,135632.0
165000,118309.0
239000,211820.0
499000,387676.81
451800,344759.02
749000,568382.11
419000,456777.24
119000,108807.33333333334
269000,298615.0
149000,212057.5
350000,460083.35
338000,403432.0
498000,538280.0
225000,211784.75
380000,306007.0642857143
299000,586850.0
199000,205791.3333333333
395000,482807.23
671021,549157.88
565000,718401.5
130000,156415.0
350000,266539.0
950000,969050.0
525000,468933.24
79900,245494.99
199000,300664.04666666663
465000,399624.18
587621,542714.19
388250,346728.05
303586,318472.1566666667
370000,356264.67
525000,475425.79
624035,595819.14
299000,288450.0
349000,490441.06571428565
436500,370559.005
545000,600165.6
380000,327840.72
495000,599407.4
195000,206845.0
698000,676562.71
159000,165569.53
210000,218575.6666666667
265000,316209.0
446246,685336.61
299000,338308.0
595000,527120.6
289000,226745.0
345000,352365.29
317500,315200.1425
225000,226975.0
159000,168478.0
314770,324062.61
85000,119397.98
595000,1594943.89
346000,471677.85
379000,363187.42
589000,491946.5
1100000,619065.0
149000,192653.99
694900,439144.34
415400,415080.19
415000,244502.0
339000,299967.49333333335
583518,476052.08
178000,196805.0
430000,418763.99
228000,309810.0
219000,268768.56
440000,355709.0
529000,431842.98
245000,266400.0
395000,386752.65
476809,472587.66
149000,162819.0
425000,375446.21
399000,410362.0
320000,314002.75
385000,409106.89
359000,355954.87
160000,147700.5
250000,392459.08
366719,410742.23
455000,483855.34
322000,335336.73333333334
304000,288647.94
319750,309342.2033333333
319000,256223.3333333333
399000,634277.58
530000,359290.0
649000,917429.0
219000,247805.0
349000,311242.0
345000,290895.0
265000,276565.0
479000,670367.9
230000,261448.46
549000,667375.0
310000,520842.16
195000,280050.99404761905
425000,394272.03
624000,451010.31571428565
364000,354439.5636666667
483956,494128.67
190000,195841.0
427000,470250.14
499000,499414.38
550000,552330.0
739000,697010.0
275000,292550.0
190000,111974.0
379000,343684.0
339000,403580.35
299000,421330.0
415000,389614.93
255000,198240.0
279000,294895.0
170000,181780.0
680000,354099.0
435000,419970.0
375000,322479.5
365000,316220.0
225000,374312.96
575000,566347.44
395000,446766.0
215000,324120.0
375000,421135.67
250000,434375.0
599000,249070.0
408310,297743.65
279000,253908.75
347500,417603.5
275000,294779.0
349500,400799.6
675000,496868.7966666667
595000,458938.77
198000,198620.0
649000,875540.0
259000,253129.0
299000,244484.0
317500,315640.1425
269000,250150.57
395000,386366.57
339000,248528.5
416943,614770.4266666665
559900,508824.03
317000,408765.0
350000,230624.7
230000,272673.9
349800,508474.41
180000,205114.97
339800,350080.39
547000,468709.74
675000,453223.8
1212500,389164.9
294463,210805.45
514000,621178.98
215000,305811.0
525000,1088171.2
1100000,832887.06
229000,371219.0
240000,364700.35
179000,162414.92
429000,438211.34
995000,381382.23
364900,305592.16
1390000,994861.98
768000,561510.0
560000,610805.0
337000,341601.79
180000,217505.0
795000,814569.0
1275000,536022.31
169000,175758.99
388000,312742.3
399000,517346.81
105000,154197.0
1075000,544784.46
310000,293495.0
269000,297699.98
299000,271303.75
378000,357534.7142857143
284000,288630.0
388000,302075.0
300000,320883.0
269000,247203.76
284000,400430.0
306254,384148.64
425000,455334.79
430382,431680.08
518745,507531.58
849000,668673.57
584000,546437.44
339000,404667.55
327100,294285.01
249000,336609.76
299000,251600.0
270000,351303.0
580000,663280.0
290000,257850.24
353900,398221.19
155000,239525.0
525000,523585.0
450000,414999.78
95000,117569.99
265000,817892.91
750000,561624.19
220000,188564.6666666667
323000,319219.0
536550,398593.17
408500,399528.84166666673
199000,283239.0
393224,420259.26
299000,311251.0
1870000,619685.71
571375,508928.4157142857
230000,138405.0
259000,342941.03
299000,300608.08
328800,400178.4233333333
155000,147675.0
389000,423025.81
1850000,647960.59
285000,335325.97
200000,408966.5
160000,214099.99
775000,689998.46
169999,267319.98
275000,250250.0
1250000,824776.07
499500,488291.71
189000,266720.0
375000,413019.57
279000,337010.61
460000,402635.0
105000,102184.97
550000,499075.0
328000,380190.63333333336
335527,400404.69
249000,303760.0
699000,465610.0
365000,334952.08
99000,199079.99
405445,423978.56
295000,411973.7
339000,335436.5
520000,767340.0
149000,174755.0
849000,510457.0
3865000,3045500.0
320073,320389.41
411000,315205.92
2495000,652115.98
249000,286608.13333333336
209000,221055.0
595000,574052.2566666666
2300000,1184740.0
342000,294563.0
180000,208866.0
485000,442360.9491666667
325000,313129.0
584866,434688.43
295000,327324.13029678655
380000,351936.98
799000,725692.96
475000,343006.66666666674
300000,320714.64
1675000,1040299.0
310000,361720.0
169000,260760.0
205000,270390.0
1495000,793591.0
449000,718489.0
392500,393769.06
560000,440456.56
342500,351108.29
261500,318751.0
155000,144330.0
170000,193315.0
475000,537120.0
998000,732557.24
549000,519173.85
130000,129935.0
84000,149634.96
222000,263422.75
945000,1061870.0
650000,392785.08
269000,280480.0
486000,472684.66857142857
369000,471390.2
521637,493157.1
335000,321256.96
275000,317664.0
160000,344435.0
199000,267951.0
400698,381334.82
638000,550053.4
380000,404318.44
297500,437742.83
169000,246549.7
150000,176455.0
250000,250407.79
215000,206590.16
269000,278015.0
374900,381865.21
199000,275499.0
197000,223364.99
239000,231957.98
115000,168817.03666666668
199000,151816.0
275000,481302.99
190000,176805.0
298900,305350.73
155000,244772.0
187500,202345.0
549000,724439.16
395000,704241.47
385000,368402.82
1299000,958896.89
995000,747023.0
295000,298195.73
695000,230910.0
496898,568446.252
145000,181365.0
529000,497595.9185
645000,581410.0
360000,346569.99
169000,246029.0
385000,341995.83
250000,375758.07
307700,311382.86
399000,335776.0
395538,391670.47
279000,311475.0
345000,290902.51
549000,479961.64
210000,415675.2
560000,564181.18
400000,314210.0
2250000,710611.04
1050000,548829.46
345000,461577.98
1600000,676349.0
425062,433736.93
235000,280024.9
348111,371184.6466666667
569000,586846.42
250000,261488.0
729000,624735.0
285000,317617.46
495000,434752.08
229000,347910.0
365000,272936.35
419000,543668.29
315000,271892.32
119000,160910.77142857143
1095000,540714.11
327591,376152.8871428572
275000,243656.0
735000,563100.0
475000,401375.71
295000,385785.0
348000,353930.9
120000,134989.0
348000,375443.39666666667
179000,217304.0
243796,237420.19
390000,366460.0
391714,405332.79
329500,421286.68
485000,696688.99
310000,333230.5733333333
98000,145120.0
370000,393772.84545454546
359000,343137.07
320000,363954.99
1250000,437711.0
199900,308912.62
265000,209768.64
300000,326223.5
200000,198241.1
145000,178684.99
299000,333668.95
925000,646928.87
420000,458786.80333333334
199000,315689.0
199000,218074.0
240000,165100.0
507520,376947.13
2150000,1440588.36
594497,640507.26
498500,481285.81
100000,119560.0
207534,284040.54
185000,318253.67
349000,358704.75
380000,342180.0
409000,527179.0
129500,163365.0
215000,216587.75
760000,949100.0
1500000,637094.91
325000,215353.99
279999,278364.27
1655000,611505.23
119000,201095.0
360000,340822.45
265000,190269.5
139000,250130.0
360000,523430.5
412334,481998.82
323500,332083.02
269000,410470.0
190000,255625.16
331500,316084.22
399000,400175.66
229000,460567.82
1495000,1702480.0
299000,448890.0
240000,344075.0
330167,330484.35
1000000,455574.68
495000,484044.5266666666
692795,629122.64
350500,363365.11
423382,440375.7
230000,272078.65
549000,487638.81
250000,353440.0
275000,388720.0
950000,943850.0
469000,572500.72
600278,587629.3
261500,299258.7
349000,316950.0
279000,346870.0
471455,489779.045
248000,284387.0
369000,322960.0
398000,371471.45
3200000,643466.95
479000,328489.62
249000,296483.0
174900,150660.89
281310,428671.65566666663
335000,520790.67
616649,667780.56
530000,378361.67
540000,372755.0
350000,432340.0
2195000,1682052.52
335000,282269.98
250000,170010.0
789000,903320.0
1995000,970250.0
475300,387798.21
597000,507891.01
340000,482572.28
295000,280240.0
175000,240956.2
495000,490231.28
389000,312300.23
745000,458420.0
348000,364634.0
150000,114789.98
289620,290043.14
125000,207835.99
537197,509512.24
275000,213680.0
299000,404665.0
350000,319254.0
745000,555108.2
189999,181285.0
295000,513647.5
1985000,885035.0
491412,524235.14
349000,347024.41
355000,539340.0
460000,480955.08
428000,350082.33
390000,420351.02
349000,353427.1
255000,284330.0
149000,185252.0
225000,257319.59
165000,179770.44
225000,239180.0
375000,775628.0
549000,707590.0
569000,700932.24
676555,569679.36
350000,430056.36
529000,477685.0
981930,1203591.17
310000,304658.0
592032,564667.42
439000,448102.51
219000,235575.0
399000,333158.36
401101,335782.68
210000,237044.0
719959,723345.67
340000,261470.0
229000,210578.99
385000,491030.82
2950000,786270.0
600000,685410.0
295000,308070.54
290000,235187.08
360000,269505.0
874325,1341050.19
279000,241579.0
160000,173195.0
345000,354688.44333333336
1095000,958198.0
239000,257173.59
435000,481028.35
3950000,1023749.0
425000,452590.48
235000,302375.0
695000,700133.0
638867,584343.54
1300000,902400.0
665000,646490.0
185000,175145.0
447000,421011.94
407786,319451.15
239000,181284.0
570000,709338.23
465000,370260.69
259500,249409.0
200000,358170.0
560172,599227.8
199000,256227.14
299000,210305.0
675000,479930.0
770000,662170.01
280000,303504.0
120000,142951.42
410500,409166.9858333333
550000,452460.0
244000,250706.36
295000,332381.37
160000,186119.0
380000,479757.0
339000,338900.0
235000,285115.0
1040000,645079.24
272000,292790.03735714284
329900,374920.0
11450000,3028260.0
209000,205991.17
95000,158240.0
428937,515232.27
475644,467554.305
469000,470427.0
500000,459840.0
325000,409419.67
289000,307321.9
425000,398224.9
620000,502779.11
274000,302664.98
249000,287448.29
319000,269104.0
310937,320239.51536363637
220000,279978.99
199000,362619.0
150000,222059.0
229000,327454.99
599000,400338.28
2500000,3109640.0
357000,333346.946
230000,141665.0
145000,309060.0
617417,596548.64
225000,291695.0
479000,519651.45
189999,142615.0
6495000,3024500.0
370000,422358.0
412777,400752.19
185000,255641.3
395000,518852.3333333334
435000,408372.6
347400,341032.10400000005
184000,227867.39
259000,258847.16
350000,181054.97
119000,186858.0
179000,285099.0
691059,605734.51
725000,883860.0
450000,220159.99
90000,107505.99
265000,416400.0
295000,318250.2766666667
552641,575720.83
479000,456060.49
450000,342415.0
179000,191589.0
750000,306955.0
125000,174019.0
245000,328629.14
2450000,767050.0
170000,270481.44
230000,333442.56
795000,444483.93
390000,336694.23
1095000,515963.38
370000,413824.72
125000,231314.0
250000,290123.84
335000,263340.0
554438,576234.9
541190,592691.88
435000,422376.79
210000,332984.0
599500,361354.03
489000,461183.91
420000,418547.08833333326
539000,519248.9
170000,189482.5
411314,449982.74166666664
367500,735605.0
230000,315361.21
400000,498716.82
412000,420181.48
140000,184751.19666666666
320000,353695.19
220000,194803.0
130000,192680.0
775000,320484.0
250000,307370.0
467000,602071.22
1490000,486378.0
279000,354766.19
299075,306634.62
238000,265536.89
170000,209180.0
289000,273134.28
281802,325967.18
395000,369305.0
338000,235691.66
338500,754180.0
400000,270430.57
358733,473485.35
345000,305867.92
515000,506678.26
210000,259964.68
550000,351980.0
379000,307311.29
299000,275713.66
180000,296594.73
450000,374108.04
775000,545753.84
745000,657219.41
299000,556508.7
162500,340814.44
235000,284939.99
185000,173265.0
520000,904329.63
405000,413900.18
145000,179455.0
449000,516440.0
260000,481229.69
247000,268021.31
439000,424113.71
345000,384983.15
850000,356670.0
695000,513752.23
130000,171848.96
415000,327484.0
165000,178944.98
330000,259640.0
235000,225494.5
298000,336165.0
375000,422778.0
702769,508571.56
395000,766640.9
149500,250789.99
449000,420844.02
469000,414471.14
295000,269720.01
169000,161444.99
385000,365279.99
229000,251068.98
400000,418510.0
247000,294220.0
285000,302225.0
195000,214953.0
189000,176410.0
430000,390610.67
2000000,880260.0
799000,478080.0
269000,277574.9
385000,342990.73
675000,499694.88
525000,657512.69
349000,441465.62
130000,150889.99
325000,370898.0
395975,394983.72
895000,798924.0
900000,453821.67
299000,366466.89
464750,457399.51333333337
230000,217988.75
381269,388018.76
260000,247541.83
250000,131720.97
107500,167029.0
539500,381891.46666666673
395000,1023732.63
120000,202330.0
378000,366919.78
297500,311577.336
385000,345905.0
970000,781137.0
554000,530893.53
128000,166088.20333333334
482890,454170.83
306000,409367.94666666666
320000,334441.56
335000,378910.65
365000,366190.73
124000,153229.97
408000,383229.72
615812,435086.41
220000,267534.5
85000,189832.3475
995000,932620.0
249000,441556.87
875000,912169.0
249000,554182.79
790000,2124610.0
349000,312232.38
352125,348726.59
427600,473710.51
85000,250963.79
165000,183719.0
570000,293220.0
275000,217669.0
249000,256715.0
250000,197703.99
676751,608230.63
589332,542158.82
299000,325117.11
350000,255146.65666666668
400000,407190.91666666674
555000,513466.31
319000,315550.0
425000,404780.0
374000,400912.1
139000,165203.0
589000,435821.35
920000,799869.0
495000,479619.0
475000,471957.78
579000,752189.9
349000,209900.6666666667
598000,492185.56
1330000,1031370.0
165000,203438.99
147500,126627.0
299000,305910.0
485000,442294.5
380000,412305.0
526115,453960.0
315000,199266.99
259000,285329.0
650000,341989.0
179000,220149.9
289000,308378.98
665000,628053.5
329000,445213.90666666673
800000,410365.0
1100000,1156029.0
265000,259176.45
329000,350393.0
250000,319070.0
335000,347614.0
285024,319801.96
399000,376238.1195714286
249000,303859.036
299000,288690.0
569000,588579.0
210000,255435.0
325000,246814.98
620000,621874.0
150000,201289.99
350000,341886.51
179750,191569.0
399000,374628.97
1600000,950019.0
149000,294073.0
290000,372154.85
240000,314866.36
647000,531686.01
469047,497884.05
380000,501638.5714285714
230000,137489.0
249000,235481.01
160000,209176.66
259000,205800.0
595000,591671.52
863944,761618.42
392561,373910.468
250000,265640.0
399000,260310.0
249000,353490.73
628279,789693.97
648243,650381.56
259000,322874.0
309000,286401.65
295000,315981.99
1950000,743090.0
379000,434171.86
999000,610225.92
670000,417322.31
330000,282575.0
298000,202331.0
374000,319200.76
255000,387755.0
990000,665488.62
450000,398852.99
235000,201775.0
229500,200293.93666666668
345500,352684.0
110000,103997.0
199000,231819.30333333334
376314,488085.77
452000,490187.91
225000,278416.1666666667
499000,668005.0
449000,508620.0
595000,430079.0
1800000,644604.14
399000,468990.0
290000,303932.01
468000,461760.86
135000,202274.99
1775000,628270.0
385000,367670.0
179000,211984.5
490000,706263.16
349000,382324.9
279000,334240.0
394700,398561.81333333335
599000,603373.07
330000,299810.0
480000,343980.0
522955,520525.12
138000,235051.49
788000,848853.16
460000,459409.08
249000,350950.0
175000,350339.98
110000,198110.0
435000,362344.46
125000,176994.0
649000,691475.58
240000,337772.16
649700,599880.0
485000,597915.91
399000,340117.0
451760,434254.92
525000,497485.65
375000,350055.01
379000,464770.0
264000,297667.3333333333
209000,345834.99
585000,451387.23
789000,658120.0
209000,366780.01
279000,290244.5
395000,411772.4
130000,275719.45
361000,427508.8
460000,377894.6
190000,165554.0
475000,490837.83
375000,415908.46
339000,334763.3851190476
342700,345139.1
426090,391260.78
189000,191882.98
465000,480608.74
395000,374240.0
719000,2244310.0
224000,283480.0
379000,463284.5
350000,288801.98
129900,199978.99
309000,556107.66
349500,281193.38
249000,259854.96
249000,285539.8
385000,443744.62
105000,133614.99
399000,495115.98
125000,349837.0
229000,210909.5
1650000,662912.47
311000,323104.9426666667
406000,389900.0433333333
325000,726580.5
250000,361695.0
372000,305344.0
449000,622911.39
379000,382460.84
315000,316596.06
259000,314135.0
349000,601702.78
595000,303037.99
420000,688213.28
175000,180218.0
327000,350181.84666666674
349000,327370.0
520500,447404.44
700000,444785.0
150000,157493.98
239000,255486.54
431000,475919.33
645000,709725.0
495000,398425.73
1580000,401070.0
375000,317139.62
399000,389557.035
289000,480027.76
195000,198016.0
269000,279485.0
946000,585781.16
285000,202878.0
348500,390510.0
501604,423933.75
240000,213500.0
130000,203615.0
2250000,575160.0
1150000,501755.0
352000,385325.11
529000,525757.25
345000,288284.0
529000,528723.29
259000,338994.0
379000,381825.0
270000,320486.92
457000,441415.73
199000,173712.0
440000,351443.65
394000,395335.23
302093,333434.5525
479000,559440.6
275000,345345.0
450000,458826.71
295000,403706.70333333337
767000,576539.64
219000,203929.5
449000,443770.31
1099000,899988.41
219500,266927.45
349500,289926.395
395000,378260.0
337272,344440.01
1250000,593532.99
359000,389187.13
295000,284050.0
1010000,1120610.0
489157,527696.88
345000,295805.0
2950000,1299810.0
234900,238299.0
345000,284968.18
345000,476144.39
185000,196382.0
393998,348412.2294444444
299000,313810.0
386889,418273.04
375000,440823.77
1350000,985768.0
179000,550627.14
219000,235570.0
299000,322229.0
654000,295767.0
390000,369069.81
149000,102458.0
469000,475302.84
549000,437446.55
585000,509262.42
145000,155060.0
2750000,452818.81
287514,351374.61
759000,630271.89
220000,232840.0
545000,644996.46
750000,582524.0
325000,309435.0
660000,631031.2
395000,443521.00333333336
310000,320385.9271428571
523950,398593.17
508547,375568.58
995000,433748.99
319000,330521.17
799000,886379.0
480000,410496.0
666866,550495.28
150000,218799.98
199000,276423.99
390000,397297.5825
365000,430337.88
835000,463380.72142857144
438382,487510.37
1195000,1129761.2
149000,187572.0
295000,306882.5
279000,239017.41
190000,219429.99
135000,188769.89
379000,374044.61
440000,486716.5
319000,336835.0
485000,325195.0
199000,297021.2766666667
329000,357436.25
925000,642455.2
1095000,884435.5
750000,401412.61
920000,1084020.0
435000,333907.42
165000,164324.98
480000,415610.0
410000,406525.91
225000,207436.0
169000,353778.3233333333
373000,473993.0
145000,167269.99
245000,311730.82
299500,223805.0
419999,579324.91
543000,450983.8233333333
295000,870730.0
455000,295208.0
135000,155827.5
349000,313410.0
149000,163207.99
349000,397710.0
525556,447561.33
249000,391177.45
99000,196128.26
225000,377143.5
535000,675930.0
190000,234754.99
275000,289113.1275
359000,377131.41
645000,550120.0
122000,191706.27
199000,295499.0
599000,602560.77
1350000,587325.74
379000,342945.0
450000,279234.0
195000,188741.0
2700000,1013268.0
705307,536983.61
399000,642080.0
215000,240813.0
499000,436530.0
154000,133322.0
269000,257269.0
3200000,608475.5
639000,588030.96
349000,349290.75
240000,250811.0
300000,326260.0
180000,268744.66
349000,498198.28
677750,399098.45933333336
230000,117294.99
2950000,1445217.24
324406,472133.6
270000,220157.99
189000,213456.6666666667
299000,354364.78
435000,455420.0
549000,449895.99
410000,388045.18
722941,623552.77
350000,392540.5020634921
110000,167184.98
623295,625329.7
440000,369950.0
140000,115257.99
420000,382424.87
480000,419347.1
393599,413834.56
165000,189755.0
359000,358292.5
350000,551221.44
348000,444139.31
260000,266343.0
1495000,1026007.53
999000,580360.0
315360,294658.49
88500,144837.94
349000,371760.01
275000,220200.0
218584,235804.04
239000,235738.0
500000,581728.16
280000,306080.0
89000,148420.0
459000,468176.75
792265,612709.14
270000,407034.0
242500,242219.04
225000,283765.0
281000,234008.0
215000,315280.0
377699,359325.81
560000,526773.13
1300000,947040.0
189000,290294.25
394000,392610.86
350000,404009.26
295000,486460.0
495000,479253.0
415000,413165.74
299000,315310.0
325000,253672.16
360000,361508.18
269000,300360.0
398900,320235.12
565000,466328.94
1495000,912937.58
389000,460766.6
140000,299145.46
748061,767065.28
339000,243653.0
507300,553710.7
347000,424515.89
575000,432010.0
320000,447140.0
335000,352588.3
275000,316820.0
229000,238805.5
440000,379785.92
375000,433278.83
325000,377462.07
285000,237536.94
735000,722566.82
120000,365130.0
425000,652382.7
165000,311430.41
425000,492102.73333333334
299000,397062.0
395000,476928.3
325000,273769.0
517900,478286.07
515000,550028.91
199000,213605.0
300000,337679.7
110000,166184.0
648000,638122.46
680726,620300.48
395000,614872.82
389000,427245.82
425000,479628.315
199000,183979.0
270000,265305.0
278500,243797.62
350000,298689.99
349000,213110.0
400000,286869.0
469000,401523.23
4295000,1363140.0
169000,152420.0
600000,521339.83
279000,259129.37
569831,551285.9
295000,333876.99
498000,533182.84
468500,433545.27
339000,373163.0
342500,490929.79
335000,437495.0
381500,393627.2
179000,175780.0
449000,411550.0
420000,476004.79
179000,337241.15
285000,300362.26
349000,310204.0
398000,409444.69
465000,475858.95
160000,149588.0
464916,494187.1
395000,367003.8
349000,298805.0
269000,271247.47
139000,153303.99
799000,668584.08
392500,393769.06
1995000,396985.0
150000,213610.0
597000,410519.5
875000,495220.83
490000,481577.42
331711,433625.85
299000,318195.03505494504
814233,527311.51
575000,583066.37
250000,339789.5
169000,207687.6666666667
317916,333866.29333333333
179000,248395.0
125000,126935.0
186000,188874.47
200000,199940.0
230000,362725.0
148000,240695.0
305000,334212.75
335000,358638.11100000003
996000,328803.54
455000,609397.25
795000,393818.0
563439,536399.65
395500,383918.78416666674
319000,341938.3
215000,295835.0
95000,141325.6666666667
550000,632992.93
209000,277907.95
199000,266975.0
335000,364844.23
506253,505161.76
189000,177104.99
239000,258328.0
399500,284325.0
399000,411267.69
699000,944549.0
299500,300840.0
559634,606428.4
315000,349920.96
784800,783597.12
729000,449086.7
375000,515708.345
595000,530550.55
245000,374794.89666666667
549940,571292.48
475000,460134.73333333334
255000,317103.87
450000,431490.4966666667
155000,242760.65
320000,384027.75
645000,389405.06
650000,705753.0
590071,714951.97
590000,322074.01
495000,339683.78
725000,714949.69
649000,444172.0
269000,303537.0
239000,223634.0
440000,458684.59
179000,151522.61111111112
199900,264219.5
465000,520365.77
165000,255749.5
325000,251093.0
595000,335164.84
249000,242828.0
1995000,935360.0
260000,463867.8325
1100000,545887.8
149500,241672.0
339000,482388.12
480000,344789.0
427900,310641.46
190057,201748.21207792207
179000,217279.2
398000,440181.8
321000,430602.76
614317,587372.8
575000,614471.46
210000,217041.25
249000,245825.0
479000,494490.0
225000,220114.5
750000,520100.0
130000,155962.99
180000,155484.9
369000,352460.51
298500,342420.96
215000,242500.0
576770,376024.93666666665
110000,126035.97
220000,302195.0
195000,249990.0
200000,219727.98
195000,168369.99
398000,293829.99
180000,271257.0
376866,358104.54799999995
275000,238446.95
799000,422830.0
495000,361747.0
320376,354648.055
549000,429165.0
619000,587101.46
437500,419394.0
1295000,841812.02
365000,349124.2
239000,310729.5
395000,306055.0
280000,271570.8
411857,388072.2
451861,387193.83
110000,124290.0
375000,447646.73
404350,361394.89
425000,489480.78
105000,249549.43
695000,610118.86
359000,1569903.89
499000,324174.99
330236,337160.98549999995
330000,270095.0
445000,534824.75
370000,426434.65
320000,346810.0
459000,447451.03
297000,277905.0
699000,564691.05
760000,643166.78
139000,175268.97
546000,497915.07
425267,390650.98600000003
365000,444632.57
465000,456039.78
399000,430789.0
397500,1568256.62
385000,347357.71
180000,194049.0
255000,300208.8
215000,279156.75
474304,465387.63
490000,650964.38
376200,385372.25
381000,425318.4846666666
410941,389938.41
695000,643200.0
453919,356848.08
150000,135537.38
409500,383508.376008991
449999,438386.2
795000,602375.78
399000,528200.0
